Institute ID,Name,City,State,Score,Rank,TLR,RPC,GO,OI,PERCEPTION,Year
IR-O-U-0456,Indian Institute of Technology Madras,Chennai,Tamil Nadu,86.42,1,88.37,87.3,85.76,65.68,100.0,2024
IR-O-U-0220,"Indian Institute of Science, Bengaluru",Bengaluru,Karnataka,83.28,2,83.6,86.5,82.17,58.46,99.7,2024
IR-O-U-0306,Indian Institute of Technology Bombay,Mumbai,Maharashtra,81.37,3,83.85,82.35,83.36,59.05,89.32,2024
IR-O-I-1074,Indian Institute of Technology Delhi,New Delhi,Delhi,80.31,4,76.57,86.23,77.48,66.23,93.48,2024
IR-O-I-1075,Indian Institute of Technology Kanpur,Kanpur,Uttar Pradesh,77.56,5,89.84,69.09,81.96,60.83,74.12,2024
IR-O-U-0573,Indian Institute of Technology Kharagpur,Kharagpur,West Bengal,74.77,6,76.65,74.94,80.18,57.29,75.24,2024
IR-O-N-15,All India Institute of Medical Sciences Delhi,New Delhi,Delhi,74.27,7,79.09,71.26,68.66,71.29,82.97,2024
IR-O-U-0560,Indian Institute of Technology Roorkee,Roorkee,Uttarakhand,71.52,8,76.55,70.48,79.14,62.91,52.89,2024
IR-O-U-0053,Indian Institute of Technology Guwahati,Guwahati,Assam,69.04,9,76.33,64.43,81.35,61.96,43.43,2024
IR-O-U-0109,Jawaharlal Nehru University,New Delhi,Delhi,68.53,10,74.93,45.27,97.34,72.28,57.71,2024
IR-O-U-0500,Banaras Hindu University,Varanasi,Uttar Pradesh,67.56,11,73.59,51.01,94.94,61.57,50.25,2024
IR-O-U-0013,Indian Institute of Technology Hyderabad,Hyderabad,Telangana,66.69,12,78.96,56.59,73.33,59.21,54.34,2024
IR-O-U-0108,Jamia Millia Islamia,New Delhi,Delhi,66.0,13,71.29,49.28,92.72,83.1,29.78,2024
IR-O-U-0234,"Manipal Academy of Higher Education, Manipal",Manipal,Karnataka,64.94,14,78.11,55.94,77.34,67.33,25.34,2024
IR-O-U-0120,University of Delhi,Delhi,Delhi,64.81,15,56.75,56.42,98.54,67.57,43.93,2024
IR-O-U-0496,Aligarh Muslim University,Aligarh,Uttar Pradesh,64.17,16,74.02,45.91,93.81,61.15,33.15,2024
IR-O-U-0575,Jadavpur University,Kolkata,West Bengal,63.84,17,68.83,51.35,89.92,49.94,48.2,2024
IR-O-U-0436,Amrita Vishwa Vidyapeetham,Coimbatore,Tamil Nadu,63.81,18,76.51,47.82,77.63,73.83,36.07,2024
IR-O-U-0490,Vellore Institute of Technology,Vellore,Tamil Nadu,62.97,19,61.51,61.95,79.42,61.11,39.35,2024
IR-O-U-0439,Anna University,Chennai,Tamil Nadu,62.77,20,60.32,63.51,71.58,48.93,64.13,2024
IR-O-U-0473,S.R.M. Institute of Science and Technology,Chennai,Tamil Nadu,62.07,21,71.69,55.43,76.92,68.55,17.02,2024
IR-O-I-1441,Saveetha Institute of Medical and Technical Sciences,Chennai,Tamil Nadu,61.79,22,72.59,60.87,72.82,66.07,5.79,2024
IR-O-U-0391,"Birla Institute of Technology and Science, Pilani",Pilani,Rajasthan,60.87,23,66.06,57.83,75.19,58.49,28.11,2024
IR-O-U-0363,Siksha `O` Anusandhan,Bhubaneswar,Odisha,60.73,24,74.09,42.19,74.06,72.74,37.65,2024
IR-O-U-0042,University of Hyderabad,Hyderabad,Telangana,60.55,25,72.69,45.58,81.39,62.26,25.6,2024
IR-O-U-0570,Calcutta University,Kolkata,West Bengal,60.25,26,70.01,42.11,92.19,50.17,31.61,2024
IR-O-U-0304,Homi Bhabha National Institute,Mumbai,Maharashtra,60.13,27,76.29,52.45,76.95,53.84,7.42,2024
IR-O-U-0356,Kalinga Institute of Industrial Technology,Bhubaneswar,Odisha,59.94,28,74.74,42.01,79.53,76.35,13.72,2024
IR-O-U-0139,Indian Institute of Technology Gandhinagar,Gandhinagar,Gujarat,58.77,29,76.4,41.53,69.97,69.21,24.82,2024
IR-O-U-0701,Indian Institute of Technology (Banaras Hindu University) Varanasi,Varanasi,Uttar Pradesh,58.69,30,57.16,54.95,76.25,57.97,40.09,2024
IR-O-U-0467,National Institute of Technology Tiruchirappalli,Tiruchirappalli,Tamil Nadu,58.6,31,57.74,48.14,74.21,64.62,55.37,2024
IR-O-U-0747,Chandigarh University,Mohali,Punjab,58.3,32,68.5,39.66,78.18,77.52,24.56,2024
IR-O-U-0273,Indian Institute of Technology Indore,Indore,Madhya Pradesh,57.31,33,65.54,50.91,71.78,60.73,19.49,2024
IR-O-U-0357,National Institute of Technology Rourkela,Rourkela,Odisha,57.04,34,63.94,50.54,75.22,59.6,17.02,2024
IR-O-U-0205,Indian Institute of Technology (Indian School of Mines) Dhanbad,Dhanbad,Jharkhand,56.97,35,59.69,55.05,71.72,59.2,22.93,2024
IR-O-U-0222,JSS Academy of Higher Education and Research,Mysuru,Karnataka,55.79,36,76.68,32.12,69.66,76.95,15.07,2024
IR-O-U-0323,Savitribai Phule Pune University,Pune,Maharashtra,55.69,37,61.07,39.17,89.65,52.59,24.29,2024
IR-O-U-0260,Kerala University,Thiruvananthapuram,Kerala,55.61,38,74.52,26.72,94.82,58.19,4.52,2024
IR-O-U-0368,Jawaharlal Institute of Post Graduate Medical Education and Research,Puducherry,Pondicherry,55.51,39,72.86,33.47,71.01,70.11,24.02,2024
IR-O-U-0020,Koneru Lakshmaiah Education Foundation University (K L College of Engineering),Vaddeswaram,Andhra Pradesh,55.47,40,67.87,41.54,71.78,66.48,16.38,2024
IR-O-U-0006,Andhra University,Visakhapatnam,Andhra Pradesh,54.97,41,75.44,26.05,85.19,64.68,10.13,2024
IR-O-U-0305,Indian Institute of Science Education and Research Pune,Pune,Maharashtra,54.86,42,72.8,41.09,61.53,62.28,21.53,2024
IR-O-I-1480,Thapar Institute of Engineering and Technology (Deemed-to-be-university),Patiala,Punjab,54.83,43,65.0,43.36,71.19,63.83,17.02,2024
IR-O-U-0447,Bharathiar University,Coimbatore,Tamil Nadu,54.81,44,64.04,42.45,78.16,54.05,18.27,2024
IR-O-U-0379,Lovely Professional University,Phagwara,Punjab,54.58,45,57.1,49.75,66.63,69.81,22.1,2024
IR-O-U-0237,"National Institute of Technology Karnataka, Surathkal ",Surathkal,Karnataka,54.44,46,55.75,43.41,74.39,62.79,35.25,2024
IR-O-U-0476,Shanmugha Arts Science Technology and Research Academy,Thanjavur,Tamil Nadu,54.14,47,69.41,37.64,71.47,66.23,11.24,2024
IR-O-U-0378,Indian Institute of Technology Ropar,Rupnagar,Punjab,54.12,48,68.81,39.95,67.5,65.22,14.74,2024
IR-O-U-0497,Amity University,Gautam Budh Nagar,Uttar Pradesh,54.04,49,56.77,50.31,71.92,65.59,9.75,2024
IR-O-U-0458,Kalasalingam Academy of Research and Education,Srivilliputhur,Tamil Nadu,54.02,50,69.75,32.36,74.56,74.3,10.5,2024
IR-O-U-0253,Cochin University of Science and Technology,Cochin,Kerala,53.99,51,71.68,35.53,73.76,56.1,14.74,2024
IR-O-U-0329,Symbiosis International,Pune,Maharashtra,53.93,52,72.53,27.49,78.53,64.79,17.34,2024
IR-O-U-0025,National Institute of Technology Warangal,Warangal,Telangana,53.74,53,61.76,42.22,72.75,57.84,22.1,2024
IR-O-U-0263,National Institute of Technology Calicut,Kozhikode,Kerala,53.66,54,66.21,32.44,72.82,68.16,26.88,2024
IR-O-U-0448,Bharathidasan University,Tiruchirappalli,Tamil Nadu,53.47,55,65.13,39.14,79.78,53.33,8.99,2024
IR-O-U-0308,Institute of Chemical Technology,Mumbai,Maharashtra,53.38,56,55.91,45.68,75.08,55.39,23.48,2024
IR-O-U-0052,Gauhati University,Guwahati,Assam,53.28,57,71.82,24.11,88.28,60.98,7.42,2024
IR-O-U-0498,Babasaheb Bhimrao Ambedkar University,Lucknow,Uttar Pradesh,53.26,58,69.31,25.46,80.94,78.63,7.82,2024
IR-O-U-0564,UPES,Dehradun,Uttarakhand,53.05,59,64.11,41.19,60.62,65.76,27.62,2024
IR-O-U-0078,Panjab University,Chandigarh,Chandigarh,52.99,60,54.31,42.01,74.07,63.38,29.55,2024
IR-O-U-0572,Indian Institute of Science Education and Research Kolkata,Mohanpur,West Bengal,52.91,61,68.89,39.53,66.79,54.52,15.73,2024
IR-O-U-0107,Jamia Hamdard,New Delhi,Delhi,52.83,62,68.66,34.45,70.2,66.17,12.32,2024
IR-O-I-1110,Dr. D. Y. Patil Vidyapeeth,Pune,Maharashtra,52.72,63,74.46,26.12,63.1,61.74,37.45,2024
IR-O-I-1357,University of Madras,Chennai,Tamil Nadu,52.58,64,69.31,38.5,65.47,53.22,18.27,2024
IR-O-U-0377,Indian Institute of Science Education and Research Mohali,Mohali,Punjab,52.58,64,67.38,32.89,70.81,66.14,17.34,2024
IR-O-U-0098,Delhi Technological University,New Delhi,Delhi,52.38,66,63.18,37.87,67.5,56.65,29.07,2024
IR-O-U-0262,Mahatma Gandhi University,Kottayam,Kerala,52.3,67,71.36,37.27,70.97,51.09,4.09,2024
IR-O-U-0395,Indian Institute of Technology Jodhpur,Jodhpur,Rajasthan,52.24,68,71.5,34.91,63.56,67.12,8.99,2024
IR-O-U-0196,University of Kashmir,Srinagar,Jammu and Kashmir,52.14,69,71.14,31.25,79.72,51.14,3.66,2024
IR-O-U-0027,Osmania University,Hyderabad,Telangana,52.02,70,64.75,28.77,85.33,58.05,10.87,2024
IR-O-U-0295,Datta Meghe Institute of Higher Education and Research,Wardha,Maharashtra,51.75,71,71.49,38.33,61.26,64.14,1.41,2024
IR-O-U-0184,Indian Institute of Technology Mandi,Mandi,Himachal Pradesh,51.68,72,65.48,38.39,61.96,70.37,10.87,2024
IR-O-U-0064,Indian Institute of Technology Patna,Patna,Bihar,51.24,73,60.25,42.04,70.12,54.1,11.24,2024
IR-O-U-0691,All India Institute of Medical Sciences Rishikesh,Rishikesh,Uttarakhand,51.22,74,74.07,35.35,50.68,69.13,13.37,2024
IR-O-U-0574,"Indian Statistical Institute, Kolkata",Kolkata,West Bengal,51.1,75,68.05,32.99,67.59,45.27,27.37,2024
IR-O-U-0435,Alagappa University,Karaikudi,Tamil Nadu,51.07,76,65.88,35.3,73.76,51.91,7.82,2024
IR-O-U-0334,Visvesvaraya National Institute of Technology Nagpur,Nagpur,Maharashtra,51.03,77,62.96,37.25,68.6,55.82,16.7,2024
IR-O-U-0272,Indian Institute of Science Education and Research Bhopal,Bhopal,Madhya Pradesh,50.94,78,69.14,31.99,65.96,67.87,6.2,2024
IR-O-U-0555,Graphic Era University,Dehradun,Uttarakhand,50.58,79,59.9,33.86,62.93,66.08,32.5,2024
IR-O-U-0381,Punjab Agricultural University,Ludhiana,Punjab,50.55,80,74.19,32.43,64.12,49.58,7.82,2024
IR-O-C-16604,Sri Sivasubramaniya Nadar College of Engineering,Kalavakkam,Tamil Nadu,50.43,81,61.3,39.4,67.32,57.14,10.5,2024
IR-O-U-0410,Malaviya National Institute of Technology,Jaipur,Rajasthan,50.41,82,58.02,42.66,69.7,52.47,10.13,2024
IR-O-U-0689,All India Institute of Medical Sciences Jodhpur,Jodhpur,Rajasthan,49.94,83,72.7,33.93,56.36,60.62,6.2,2024
IR-O-N-10,SVKM`s Narsee Monjee Institute of Management Studies ,Mumbai,Maharashtra,49.59,84,74.0,24.83,64.38,65.17,5.37,2024
IR-O-U-0474,Sathyabama Institute of Science and Technology,Chennai,Tamil Nadu,49.52,85,59.05,36.3,63.32,70.64,11.96,2024
IR-O-U-0235,Mysore University,Mysuru,Karnataka,49.45,86,70.8,19.35,79.51,57.96,7.02,2024
IR-O-U-0195,University of Jammu,Jammu,Jammu and Kashmir,49.4,87,72.95,23.43,74.91,52.72,2.32,2024
IR-O-U-0523,King George`s Medical University,Lucknow,Uttar Pradesh,48.98,88,72.12,27.45,62.81,56.24,9.37,2024
IR-O-U-0190,Shoolini University of Biotechnology and Management Sciences,Solan,Himachal Pradesh,48.95,89,54.64,39.24,68.7,65.98,4.52,2024
IR-O-U-0217,Christ University,Bengaluru,Karnataka,48.66,90,58.34,22.05,66.49,72.84,39.72,2024
IR-O-U-0446,Bharath Institute of Higher Education and Research,Chennai,Tamil Nadu,48.64,91,67.46,22.62,67.73,71.19,9.37,2024
IR-O-U-0055,National Institute of Technology Silchar,Silchar,Assam,48.55,92,50.88,43.7,69.93,56.42,5.37,2024
IR-O-U-0577,National Institute of Technology Durgapur,Durgapur,West Bengal,48.29,93,57.81,32.74,71.05,57.97,11.24,2024
IR-O-U-0136,Gujarat University,Ahmedabad,Gujarat,48.16,94,67.97,17.53,81.99,57.0,4.09,2024
IR-O-U-0642,Shiv Nadar University,Gautam Buddha Nagar,Uttar Pradesh,48.12,95,71.43,25.51,59.74,66.79,4.09,2024
IR-O-I-1486,Sri Ramachandra Institute of Higher Education and Research,Chennai,Tamil Nadu,48.1,96,72.73,22.22,62.46,62.99,8.21,2024
IR-O-U-0003,Acharya Nagarjuna University,Guntur,Andhra Pradesh,47.73,97,64.38,17.0,82.97,65.0,2.32,2024
IR-O-U-0331,Tata Institute of Social Sciences,Mumbai,Maharashtra,47.56,98,66.96,15.83,71.49,72.19,11.96,2024
IR-O-U-0686,All India Institute of Medical Sciences Patna,Patna,Bihar,47.55,99,69.57,20.49,60.0,66.08,19.19,2024
IR-O-U-0470,Periyar University,Salem,Tamil Nadu,47.43,100,61.51,29.46,69.58,59.86,2.32,2024
IR-O-U-0456,Indian Institute of Technology Madras,Chennai,Tamil Nadu,86.69,1,86.45,89.88,87.22,63.59,100.0,2023
IR-O-U-0220,Indian Institute of Science,Bengaluru,Karnataka,83.09,2,82.43,88.45,80.57,59.23,97.94,2023
IR-O-I-1074,Indian Institute of Technology Delhi,New Delhi,Delhi,82.16,3,82.06,85.23,79.21,70.32,90.98,2023
IR-O-U-0306,Indian Institute of Technology Bombay,Mumbai,Maharashtra,81.28,4,80.71,86.14,84.26,58.76,84.98,2023
IR-O-I-1075,Indian Institute of Technology Kanpur,Kanpur,Uttar Pradesh,77.23,5,85.45,72.94,83.62,60.24,69.84,2023
IR-O-N-15,"All India Institute of Medical Sciences, Delhi",New Delhi,Delhi,72.14,6,76.47,67.75,70.46,72.72,75.23,2023
IR-O-U-0573,Indian Institute of Technology Kharagpur,Kharagpur,West Bengal,71.82,7,73.29,72.25,76.75,57.44,70.68,2023
IR-O-U-0560,Indian Institute of Technology Roorkee,Roorkee,Uttarakhand,71.66,8,77.69,68.0,83.15,62.8,50.36,2023
IR-O-U-0053,Indian Institute of Technology Guwahati,Guwahati,Assam,68.78,9,73.43,66.98,82.95,58.3,42.44,2023
IR-O-U-0109,Jawaharlal Nehru University,New Delhi,Delhi,67.44,10,73.55,46.56,94.89,73.64,50.73,2023
IR-O-U-0500,Banaras Hindu University,Varanasi,Uttar Pradesh,67.21,11,72.77,49.18,99.64,61.5,45.43,2023
IR-O-U-0108,"Jamia Millia Islamia,New Delhi",New Delhi,Delhi,65.52,12,69.38,49.83,93.85,83.41,26.4,2023
IR-O-U-0575,Jadavpur University,Kolkata,West Bengal,64.3,13,67.63,53.66,90.61,56.79,41.08,2023
IR-O-U-0013,Indian Institute of Technology Hyderabad,Hyderabad,Telangana,64.24,14,74.38,55.13,73.26,59.03,48.36,2023
IR-O-U-0436,Amrita Vishwa Vidyapeetham,Coimbatore,Tamil Nadu,62.74,15,73.39,50.35,73.93,72.47,35.71,2023
IR-O-U-0234,Manipal Academy of Higher Education-Manipal,Manipal,Karnataka,62.71,16,72.87,54.02,77.97,66.1,24.39,2023
IR-O-U-0490,Vellore Institute of Technology,Vellore,Tamil Nadu,62.7,17,55.66,63.59,80.43,62.55,45.71,2023
IR-O-U-0439,Anna University,Chennai,Tamil Nadu,62.36,18,56.24,64.24,74.58,50.29,62.67,2023
IR-O-U-0496,Aligarh Muslim University,Aligarh,Uttar Pradesh,62.27,19,68.87,46.88,94.55,60.04,26.4,2023
IR-O-U-0042,University of Hyderabad,Hyderabad,Telangana,60.49,20,70.46,44.54,83.27,66.58,26.83,2023
IR-O-U-0467,National Institute of Technology Tiruchirappalli,Tiruchirappalli,Tamil Nadu,60.43,21,59.68,48.55,76.18,68.33,58.95,2023
IR-O-U-0120,University of Delhi,Delhi,Delhi,60.24,22,46.65,54.3,97.84,63.98,39.84,2023
IR-O-U-0570,Calcutta University,Kolkata,West Bengal,60.22,23,66.11,42.3,97.37,53.01,29.33,2023
IR-O-U-0139,Indian Institute of Technology Gandhinagar,Gandhinagar,Gujarat,58.89,24,74.59,43.13,69.53,69.14,27.47,2023
IR-O-U-0391,Birla Institute of Technology  & Science -Pilani,Pilani,Rajasthan,58.76,25,61.65,56.26,74.65,59.16,25.3,2023
IR-O-U-0363,Siksha `O` Anusandhan,Bhubaneswar,Odisha,58.35,26,69.78,40.1,73.26,73.35,34.11,2023
IR-O-I-1441,Saveetha Institute of Medical and Technical Sciences,Chennai,Tamil Nadu,58.14,27,69.83,52.18,71.3,67.38,5.37,2023
IR-O-U-0273,Indian Institute of Technology Indore,Indore,Madhya Pradesh,58.0,28,66.36,52.71,72.96,60.81,16.1,2023
IR-O-U-0356,Kalinga Institute of Industrial Technology,Bhubaneswar,Odisha,57.52,29,69.63,38.02,78.87,80.13,14.39,2023
IR-O-U-0304,Homi Bhabha National Institute,Mumbai,Maharashtra,57.09,30,73.14,49.45,71.36,54.35,6.08,2023
IR-O-U-0701,Indian Institute of Technology (Banaras Hindu University) Varanasi,Varanasi,Uttar Pradesh,57.08,31,54.83,53.2,75.62,57.38,38.07,2023
IR-O-U-0473,S.R.M. Institute of Science and Technology,Chennai,Tamil Nadu,56.44,32,61.62,47.02,74.95,64.61,23.94,2023
IR-O-U-0378,Indian Institute of Technology Ropar,Rupnagar,Punjab,56.16,33,73.68,38.46,66.67,66.44,25.52,2023
IR-O-U-0305,Indian Institute of Science Education & Research Pune,Pune,Maharashtra,56.05,34,72.45,43.72,63.27,63.57,21.81,2023
IR-O-U-0323,Savitribai Phule Pune University,Pune,Maharashtra,55.78,35,60.99,39.3,94.63,51.78,15.82,2023
IR-O-U-0447,Bharathiar University,Coimbatore,Tamil Nadu,55.58,36,63.1,43.77,78.87,51.98,25.52,2023
IR-O-U-0357,National Institute of Technology Rourkela,Rourkela,Odisha,55.52,37,59.99,51.67,72.69,60.11,14.68,2023
IR-O-U-0237,"National Institute of Technology Karnataka, Surathkal ",Surathkal,Karnataka,55.47,38,58.46,45.25,75.59,59.23,33.2,2023
IR-O-U-0368,Jawaharlal Institute of Post Graduate Medical Education & Research,Puducherry,Pondicherry,55.41,39,73.6,32.12,72.32,71.51,20.83,2023
IR-O-I-1480,Thapar Institute of Engineering and Technology (Deemed-to-be-university),Patiala,Punjab,55.17,40,62.01,49.73,72.17,64.05,8.15,2023
IR-O-U-0308,Institute of Chemical Technology,Mumbai,Maharashtra,54.53,41,56.32,49.6,77.89,55.88,15.82,2023
IR-O-U-0205,Indian Institute of Technology (Indian School of Mines),Dhanbad,Jharkhand,53.86,42,52.5,54.93,69.0,58.02,20.33,2023
IR-O-U-0572,Indian Institute of Science Education & Research Kolkata,Mohanpur,West Bengal,53.72,43,68.17,41.0,70.16,55.58,13.81,2023
IR-O-U-0078,Panjab University,Chandigarh,Chandigarh,53.31,44,51.09,46.65,75.77,59.92,28.52,2023
IR-O-U-0747,Chandigarh University,Mohali,Punjab,53.29,45,63.55,25.22,75.62,80.27,35.18,2023
IR-O-U-0379,Lovely Professional University,Phagwara,Punjab,53.22,46,55.92,44.38,66.06,68.34,30.92,2023
IR-O-U-0260,Kerala University,Thiruvananthapuram,Kerala,52.75,47,66.66,22.8,96.02,58.87,8.15,2023
IR-O-U-0458,Kalasalingam Academy of Research and Education,Srivilliputtur,Tamil Nadu,52.52,48,62.66,30.87,74.68,76.42,18.79,2023
IR-O-U-0476,Shanmugha Arts Science Technology & Research Academy,Thanjavur,Tamil Nadu,52.0,49,63.88,40.86,68.45,59.4,9.48,2023
IR-O-U-0020,Koneru Lakshmaiah Education Foundation University (K L College of Engineering),Vaddeswaram,Andhra Pradesh,51.96,50,62.02,40.74,69.49,57.63,14.68,2023
IR-O-U-0377,"Indian Institute of Science Education & Research, Mohali",Mohali,Punjab,51.86,51,63.52,33.6,68.58,72.34,17.73,2023
IR-O-U-0262,"Mahatma Gandhi University, Kottayam",Kottayam,Kerala,51.84,52,65.63,38.86,73.44,51.23,6.78,2023
IR-O-U-0025,National Institute of Technology Warangal,Warangal,Telangana,51.83,53,57.69,39.42,73.79,58.99,20.33,2023
IR-O-U-0263,National Institute of Technology Calicut,Kozhikode,Kerala,51.62,54,61.05,33.04,73.62,69.11,17.73,2023
IR-O-U-0222,JSS Academy of Higher Education and Research,Mysuru,Karnataka,51.15,55,68.52,23.47,69.35,74.68,22.05,2023
IR-O-U-0435,Alagappa University,Karaikudi,Tamil Nadu,50.99,56,61.51,36.63,73.97,52.13,15.54,2023
IR-O-U-0497,Amity University,Gautam Budh Nagar,Uttar Pradesh,50.88,57,47.8,47.16,71.25,64.65,16.65,2023
IR-O-U-0196,University of Kashmir,Srinagar,Jammu and Kashmir,50.77,58,70.64,26.93,79.58,53.05,2.77,2023
IR-O-U-0329,Symbiosis International,Pune,Maharashtra,50.59,59,67.62,22.91,77.78,63.18,15.54,2023
IR-O-U-0272,Indian Institute of Science Education & Research Bhopal,Bhopal,Madhya Pradesh,50.58,60,69.05,31.54,63.8,68.33,8.15,2023
IR-O-U-0098,Delhi Technological University,New Delhi,Delhi,50.54,61,59.19,35.77,66.39,59.17,28.52,2023
IR-O-U-0410,Malaviya National Institute of Technology,Jaipur,Rajasthan,50.36,62,54.44,42.78,70.67,60.93,9.8,2023
IR-O-U-0253,Cochin University of Science and Technology,Cochin,Kerala,50.34,63,62.4,34.36,73.79,51.74,13.81,2023
IR-O-U-0027,Osmania University,Hyderabad,Telangana,49.94,64,58.74,31.24,81.26,57.91,9.15,2023
IR-O-I-1357,University of Madras,Chennai,Tamil Nadu,49.93,65,64.74,32.9,69.4,53.23,14.39,2023
IR-O-U-0064,Indian Institute of Technology Patna,Patna,Bihar,49.79,66,52.66,42.86,70.65,57.06,12.92,2023
IR-O-U-0395,Indian Institute of Technology Jodhpur,Jodhpur,Rajasthan,49.79,66,66.08,31.56,64.6,66.66,9.15,2023
IR-O-U-0584,"Indian Institute of Engineering Science and Technology, Shibpur",Howrah,West Bengal,49.79,66,53.57,38.83,70.43,58.7,21.07,2023
IR-O-U-0498,Babasheb Bhimrao Ambedkar University,Lucknow,Uttar Pradesh,49.53,69,59.83,24.29,82.07,76.83,2.0,2023
IR-O-U-0448,Bharathidasan University,Tiruchirappalli,Tamil Nadu,49.45,70,57.54,36.39,74.18,52.05,12.31,2023
IR-O-U-0235,Mysore University,Mysuru,Karnataka,49.17,71,67.43,18.61,87.02,54.62,5.01,2023
IR-O-U-0374,"Dr. B R Ambedkar National Institute of Technology, Jalandhar",Jalandhar,Punjab,49.04,72,57.76,30.74,67.91,66.08,23.0,2023
IR-O-U-0184,Indian Institute of Technology Mandi,Mandi,Himachal Pradesh,49.03,73,56.69,37.36,63.04,67.59,14.39,2023
IR-O-U-0381,"Punjab Agricultural University, Ludhiana",Ludhiana,Punjab,48.97,74,70.53,28.29,67.48,50.37,7.82,2023
IR-O-U-0295,Datta Meghe Institute of Higher Education and Research,Wardha,Maharashtra,48.92,75,67.16,32.85,62.14,64.76,0.0,2023
IR-O-U-0006,"Andhra University, Visakhapatnam",Visakhapatnam,Andhra Pradesh,48.54,76,54.39,25.74,84.77,58.63,16.92,2023
IR-O-U-0523,King George`s Medical University,Lucknow,Uttar Pradesh,48.52,77,70.83,26.63,63.34,56.64,9.48,2023
IR-O-U-0107,Jamia Hamdard,New Delhi,Delhi,48.4,78,56.02,32.49,70.37,66.02,11.7,2023
IR-O-U-0564,UPES,Dehradun,Uttarakhand,48.34,79,58.19,28.69,60.55,67.05,34.47,2023
IR-O-C-16604,Sri Sivasubramaniya Nadar College of Engineering,Kalavakkam,Tamil Nadu,48.18,80,57.79,37.02,67.61,53.63,8.49,2023
IR-O-I-1110,Dr. D. Y. Patil Vidyapeeth,Pune,Maharashtra,48.17,81,70.64,20.55,63.6,62.36,18.53,2023
IR-O-U-0334,"Visvesvaraya National Institute of Technology, Nagpur",Nagpur,Maharashtra,48.15,82,53.93,39.03,68.88,55.67,9.15,2023
IR-O-U-0055,National Institute of Technology Silchar,Silchar,Assam,48.12,83,51.36,42.81,68.84,54.16,6.78,2023
IR-O-U-0474,Sathyabama Institute of Science and Technology,Chennai,Tamil Nadu,47.95,84,53.39,35.72,64.67,66.38,16.38,2023
IR-O-U-0136,Gujarat University,Ahmedabad,Gujarat,47.91,85,64.84,18.62,83.31,59.33,2.77,2023
IR-O-U-0691,"All India Institute of Medical Sciences, Rishikesh",Rishikesh,Uttarakhand,47.89,86,70.55,29.68,49.57,69.59,9.48,2023
IR-O-U-0376,Guru Nanak Dev University,Amritsar,Punjab,47.55,87,54.75,27.23,77.53,62.47,12.01,2023
IR-O-N-10,SVKM`s Narsee Monjee Institute of Management Studies ,Mumbai,Maharashtra,47.46,88,70.37,21.34,64.97,64.61,5.01,2023
IR-O-U-0555,Graphic Era University,Dehradun,Uttarakhand,47.29,89,57.45,22.95,64.11,69.99,33.38,2023
IR-O-U-0577,National Institute of Technology Durgapur,Durgapur,West Bengal,46.81,90,51.12,34.57,72.25,56.11,10.45,2023
IR-O-U-0355,Indian Institute of Technology Bhubaneswar,Bhubaneswar,Odisha,46.73,91,47.35,37.34,67.86,58.25,19.31,2023
IR-O-U-0249,Visvesvaraya Technological University,Belgaum,Karnataka,46.48,92,58.85,34.69,61.46,57.77,3.53,2023
IR-O-U-0485,Tamil Nadu Agricultural University,Coimbatore,Tamil Nadu,46.33,93,71.27,14.78,69.8,55.16,10.45,2023
IR-O-U-0463,Madurai Kamaraj University,Madurai,Tamil Nadu,46.26,94,63.47,24.45,68.37,51.8,10.45,2023
IR-O-U-0642,Shiv Nadar University,Gautam Buddha Nagar,Uttar Pradesh,46.18,95,65.26,24.23,59.23,65.34,9.48,2023
IR-O-U-0318,Mumbai University,Mumbai,Maharashtra,45.86,96,56.15,17.82,86.24,56.27,7.82,2023
IR-O-U-0389,Banasthali Vidyapith,Banasthali,Rajasthan,45.85,97,50.45,17.72,84.22,77.31,8.15,2023
IR-O-I-1486,Sri Ramachandra Institute of Higher Education and Research,Chennai,Tamil Nadu,45.84,98,68.85,18.53,62.74,62.9,7.82,2023
IR-O-S-8972,Indian Institute of Management Calcutta,Kolkata,West Bengal,45.74,99,60.63,14.58,63.6,66.22,38.4,2023
IR-O-U-0217,Christ University,Bengaluru,Karnataka,45.65,100,52.14,18.96,67.2,69.84,39.05,2023
IR-O-U-0456,Indian Institute of Technology Madras,Chennai,Tamil Nadu,87.59,1,86.56,91.98,89.36,62.95,98.75,2022
IR-O-U-0220,Indian Institute of Science,Bengaluru,Karnataka,83.57,2,82.08,87.45,84.8,57.46,100.0,2022
IR-O-U-0306,"Indian Institute of Technology, Bombay",Mumbai,Maharashtra,82.35,3,85.55,84.09,83.08,59.54,88.8,2022
IR-O-I-1074,"Indian Institute of Technology, Delhi",New Delhi,Delhi,82.22,4,81.98,84.81,79.36,70.07,93.08,2022
IR-O-I-1075,Indian Institute of Technology Kanpur,Kanpur,Uttar Pradesh,77.83,5,86.9,70.55,83.89,60.26,77.86,2022
IR-O-U-0573,"Indian Institute of Technology, Kharagpur",Kharagpur,West Bengal,75.94,6,77.66,75.66,81.92,55.85,79.82,2022
IR-O-U-0560,"Indian Institute of Technology, Roorkee",Roorkee,Uttarakhand,71.48,7,77.22,67.03,84.42,64.36,48.84,2022
IR-O-U-0053,Indian Institute of Technology Guwahati,Guwahati,Assam,69.75,8,78.29,63.54,83.26,59.58,45.93,2022
IR-O-N-15,"All India Institute of Medical Sciences, Delhi",New Delhi,Delhi,69.57,9,75.57,60.39,72.67,67.37,75.15,2022
IR-O-U-0109,Jawaharlal Nehru University,New Delhi,Delhi,67.25,10,71.95,45.55,95.27,70.27,59.19,2022
IR-O-U-0500,Banaras Hindu University,Varanasi,Uttar Pradesh,64.81,11,69.9,43.91,97.74,57.32,53.95,2022
IR-O-U-0575,Jadavpur University,Kolkata,West Bengal,63.85,12,63.57,53.73,90.1,56.86,49.53,2022
IR-O-U-0108,"Jamia Millia Islamia, New Delhi",New Delhi,Delhi,63.62,13,68.16,47.38,92.46,81.14,23.57,2022
IR-O-U-0013,Indian Institute of Technology Hyderabad,Hyderabad,Telangana,62.86,14,73.43,53.18,71.53,56.73,49.01,2022
IR-O-U-0570,Calcutta University,Kolkata,West Bengal,61.57,15,67.46,40.85,95.48,61.9,37.86,2022
IR-O-U-0436,Amrita Vishwa Vidyapeetham,Coimbatore,Tamil Nadu,61.54,16,69.8,50.06,74.09,69.53,38.09,2022
IR-O-U-0234,"Manipal Academy of Higher Education, Manipal",Manipal,Karnataka,61.23,17,70.53,51.07,78.15,64.81,26.37,2022
IR-O-U-0490,Vellore Institute of Technology,Vellore,Tamil Nadu,60.14,18,52.72,59.82,79.43,59.07,45.74,2022
IR-O-U-0496,Aligarh Muslim University,Aligarh,Uttar Pradesh,59.86,19,69.21,43.04,88.92,56.29,27.85,2022
IR-O-U-0042,University of Hyderabad,Hyderabad,Telangana,59.67,20,70.94,40.18,83.97,63.5,31.99,2022
IR-O-U-0467,"National Institute of Technology, Tiruchirappalli",Tiruchirappalli,Tamil Nadu,58.95,21,60.73,45.71,75.74,66.48,52.2,2022
IR-O-U-0439,Anna University,Chennai,Tamil Nadu,58.08,22,53.32,53.15,74.97,49.3,62.1,2022
IR-O-U-0120,University of Delhi,Delhi,Delhi,57.63,23,43.11,52.82,91.85,58.87,45.93,2022
IR-O-U-0447,Bharathiar University,Coimbatore,Tamil Nadu,57.26,24,63.97,44.36,78.31,63.96,26.97,2022
IR-O-U-0323,Savitribai Phule Pune University,Pune,Maharashtra,56.99,25,63.66,41.64,92.44,52.07,16.97,2022
IR-O-U-0305,"Indian Institute of Science Education & Research, Pune",Pune,Maharashtra,56.91,26,71.66,44.18,65.43,62.94,27.85,2022
IR-O-U-0237,"National Institute of Technology Karnataka, Surathkal ",Surathkal,Karnataka,56.74,27,59.32,45.14,75.55,64.44,38.54,2022
IR-O-U-0308,Institute of Chemical Technology,Mumbai,Maharashtra,56.16,28,59.27,50.58,79.61,54.5,18.45,2022
IR-O-U-0701,Indian Institute of Technology (Banaras Hindu University) Varanasi,Varanasi,Uttar Pradesh,55.85,29,54.43,50.31,74.26,56.63,39.21,2022
IR-O-U-0363,Siksha `O` Anusandhan,Bhubaneswar,Odisha,55.42,30,68.3,35.58,73.45,68.4,27.26,2022
IR-O-U-0273,Indian Institute of Technology Indore,Indore,Madhya Pradesh,55.13,31,62.47,49.93,72.44,52.99,16.21,2022
IR-O-U-0391,Birla Institute of Technology & Science - Pilani,Pilani,Rajasthan,55.1,32,59.27,46.74,73.45,58.76,27.26,2022
IR-O-U-0304,Homi Bhabha National Institute,Mumbai,Maharashtra,54.85,33,72.51,45.25,68.93,52.01,5.31,2022
IR-O-U-0356,Kalinga Institute of Industrial Technology,Bhubaneswar,Odisha,54.35,34,69.0,30.2,75.13,77.86,17.71,2022
IR-O-U-0378,Indian Institute of Technology Ropar,Rupnagar,Punjab,54.29,35,75.19,33.66,65.71,64.34,20.57,2022
IR-O-U-0473,S.R.M. Institute of Science and Technology,Chennai,Tamil Nadu,53.99,36,57.91,45.28,71.41,62.54,25.15,2022
IR-O-U-0139,"Indian Institute of Technology, Gandhinagar",Gandhinagar,Gujarat,53.92,37,67.9,39.04,65.84,66.49,20.23,2022
IR-O-U-0205,Indian Institute of Technology (Indian School of Mines),Dhanbad,Jharkhand,53.87,38,51.07,54.66,71.79,54.34,23.57,2022
IR-O-U-0357,National Institute of Technology Rourkela,Rourkela,Odisha,53.77,39,59.35,49.09,68.7,56.9,18.08,2022
IR-O-U-0572,"Indian Institute of Science Education & Research, Kolkata",Mohanpur,West Bengal,52.35,40,63.56,39.42,66.2,56.59,25.46,2022
IR-O-U-0078,Panjab University,Chandigarh,Chandigarh,51.23,41,48.43,43.18,74.62,60.73,27.56,2022
IR-O-U-0497,Amity University,Gautam Budh Nagar,Uttar Pradesh,51.07,42,49.57,47.89,70.35,64.17,13.43,2022
IR-O-U-0184,"Indian Institute of Technology, Mandi",Mandi,Himachal Pradesh,51.05,43,62.79,37.25,65.56,67.01,12.18,2022
IR-O-I-1441,Saveetha Institute of Medical and Technical Sciences,Chennai,Tamil Nadu,50.81,44,56.29,43.01,69.46,65.97,5.31,2022
IR-O-U-0025,National Institute of Technology Warangal,Warangal,Telangana,50.61,45,57.73,35.23,73.48,55.14,25.15,2022
IR-O-U-0027,Osmania University,Hyderabad,Telangana,50.6,46,60.22,30.41,79.98,56.37,17.71,2022
IR-O-U-0377,"Indian Institute of Science Education & Research, Mohali",Mohali,Punjab,50.55,47,63.85,32.08,62.89,71.44,20.57,2022
IR-O-U-0747,Chandigarh University,Mohali,Punjab,50.39,48,63.04,22.16,69.27,78.62,31.19,2022
IR-O-U-0476,Shanmugha Arts Science Technology & Research Academy,Thanjavur,Tamil Nadu,50.33,49,61.35,38.23,67.66,59.74,9.57,2022
IR-O-U-0458,Kalasalingam Academy of Research and Education,Srivilliputtur,Tamil Nadu,49.97,50,60.1,26.46,71.2,74.72,22.92,2022
IR-O-U-0262,"Mahatma Gandhi University, Kottayam",Kottayam,Kerala,49.89,51,65.16,36.16,70.48,51.18,2.74,2022
IR-O-U-0260,Kerala University,Thiruvananthapuram,Kerala,49.87,52,65.23,20.29,94.4,51.07,2.21,2022
IR-O-U-0435,Alagappa University,Karaikudi,Tamil Nadu,49.73,53,61.66,32.63,72.21,51.56,18.45,2022
IR-O-U-0235,Mysore University,Mysuru,Karnataka,49.71,54,68.9,16.81,90.68,53.79,4.8,2022
IR-O-U-0020,Koneru Lakshmaiah Education Foundation University (K L College of Engineering),Vaddeswaram,Andhra Pradesh,49.71,54,61.22,36.63,67.04,56.83,12.6,2022
IR-O-U-0368,Jawaharlal Institute of Post Graduate Medical Education & Research,Puducherry,Pondicherry,49.71,54,68.18,26.11,63.63,68.18,18.81,2022
IR-O-I-1480,Thapar Institute of Engineering and Technology,Patiala,Punjab,49.65,57,49.86,44.83,70.57,55.09,16.21,2022
IR-O-U-0379,Lovely Professional University,Phagwara,Punjab,49.54,58,56.4,34.71,66.11,69.33,20.57,2022
IR-O-U-0064,"Indian Institute of Technology, Patna",Patna,Bihar,49.47,59,62.04,39.31,62.25,51.98,14.24,2022
IR-O-U-0222,JSS Academy of Higher Education and Research,Mysuru,Karnataka,49.31,60,68.12,21.4,69.04,69.37,16.97,2022
IR-O-U-0272,Indian Institute of Science Education & Research Bhopal,Bhopal,Madhya Pradesh,49.29,61,66.74,29.19,64.82,66.84,8.66,2022
IR-O-U-0329,Symbiosis International,Pune,Maharashtra,49.22,62,65.62,17.8,74.9,66.57,25.46,2022
IR-O-U-0098,Delhi Technological University,New Delhi,Delhi,49.03,63,57.93,32.46,66.55,57.34,28.71,2022
IR-O-U-0052,Gauhati University,Guwahati,Assam,48.98,64,59.42,21.66,89.82,58.19,8.66,2022
IR-O-U-0355,Indian Institute of Technology Bhubaneswar,Bhubaneswar,Odisha,48.46,65,53.86,38.2,65.46,60.45,16.97,2022
IR-O-U-0584,"Indian Institute of Engineering Science and Technology, Shibpur",Howrah,West Bengal,48.45,66,50.01,39.35,70.44,48.26,27.26,2022
IR-O-U-0474,Sathyabama Institute of Science and Technology,Chennai,Tamil Nadu,48.09,67,56.99,29.87,65.82,65.05,23.57,2022
IR-O-U-0334,"Visvesvaraya National Institute of Technology, Nagpur",Nagpur,Maharashtra,48.05,68,53.53,39.28,70.53,54.61,6.29,2022
IR-O-U-0253,Cochin University of Science and Technology,Cochin,Kerala,48.02,69,57.05,32.57,73.37,51.63,13.02,2022
IR-O-I-1357,University of Madras,Chennai,Tamil Nadu,48.01,70,56.58,32.35,71.3,52.41,18.45,2022
IR-O-U-0006,"Andhra University, Visakhapatnam",Visakhapatnam,Andhra Pradesh,47.97,71,54.05,25.8,85.7,53.73,15.04,2022
IR-O-U-0577,National Institute of Technology Durgapur,Durgapur,West Bengal,47.9,72,53.96,35.16,70.09,57.15,14.24,2022
IR-O-U-0136,Gujarat University,Ahmedabad,Gujarat,47.72,73,64.75,18.38,83.3,57.39,3.78,2022
IR-O-U-0107,Jamia Hamdard,New Delhi,Delhi,47.5,74,56.93,30.15,70.35,60.93,12.18,2022
IR-O-U-0523,King George`s Medical University,Lucknow,Uttar Pradesh,47.0,75,66.33,26.31,63.36,55.83,9.57,2022
IR-O-U-0055,"National Institute of Technology, Silchar",Silchar,Assam,46.76,76,52.26,36.84,68.43,57.1,6.29,2022
IR-O-I-1110,Dr. D. Y. Patil Vidyapeeth,Pune,Maharashtra,46.76,76,69.78,19.22,64.27,61.3,10.89,2022
IR-O-U-0498,Babasheb Bhimrao Ambedkar University,Lucknow,Uttar Pradesh,46.39,78,53.54,19.68,82.46,74.59,4.8,2022
IR-O-S-8909,Indian Institute of Management Kozhikode,Kozhikode,Kerala,46.36,79,65.93,15.51,61.55,72.34,23.89,2022
IR-O-U-0376,Guru Nanak Dev University,Amritsar,Punjab,46.31,80,51.06,28.73,78.53,56.6,10.01,2022
IR-O-U-0318,Mumbai University,Mumbai,Maharashtra,46.15,81,55.16,22.52,82.54,55.95,7.26,2022
IR-O-U-0448,Bharathidasan University,Tiruchirappalli,Tamil Nadu,46.14,82,57.72,32.56,61.8,48.1,18.81,2022
IR-O-I-1486,Sri Ramachandra Institute of Higher Education and Research,Chennai,Tamil Nadu,46.08,83,69.68,17.07,64.33,65.08,6.78,2022
IR-O-U-0196,University of Kashmir,Srinagar,Jammu and Kashmir,45.98,84,60.58,21.23,79.56,51.37,3.78,2022
IR-O-U-0374,"Dr. B R Ambedkar National Institute of Technology, Jalandhar",Jalandhar,Punjab,45.85,85,57.67,27.88,66.39,64.32,4.8,2022
IR-O-U-0689,All India Institute of Medical Sciences Jodhpur,Jodhpur,Rajasthan,45.81,86,64.36,26.23,60.4,61.19,4.3,2022
IR-O-U-0389,Banasthali Vidyapith,Banasthali,Rajasthan,45.8,87,53.01,15.98,84.96,75.83,5.31,2022
IR-O-U-0463,Madurai Kamaraj University,Madurai,Tamil Nadu,45.77,88,63.33,24.04,65.24,52.47,12.6,2022
IR-O-N-10,SVKM`s Narsee Monjee Institute of Management Studies,Mumbai,Maharashtra,45.68,89,68.42,17.66,64.52,62.17,7.26,2022
IR-O-U-0056,Tezpur University,Tezpur,Assam,45.59,90,59.71,27.49,63.29,50.67,16.97,2022
IR-O-U-0410,Malaviya National Institute of Technology,Jaipur,Rajasthan,45.27,91,51.72,38.69,60.72,56.19,3.78,2022
IR-O-U-0295,Datta Meghe Institute of Medical Sciences,Wardha,Maharashtra,45.21,92,65.25,23.54,59.6,65.38,1.12,2022
IR-O-U-0195,University of Jammu,Jammu,Jammu and Kashmir,45.11,93,64.9,19.12,74.83,46.63,2.74,2022
IR-O-U-0642,Shiv Nadar University,Dadri,Uttar Pradesh,44.94,94,63.53,20.75,64.7,61.38,5.8,2022
IR-O-U-0446,Bharath Institute of Higher Education & Research,Chennai,Tamil Nadu,44.73,95,56.2,23.15,70.31,64.28,4.3,2022
IR-O-C-16604,Sri Sivasubramaniya Nadar College of Engineering,Kancheepuram,Tamil Nadu,44.69,96,53.14,30.69,63.87,52.73,15.04,2022
IR-O-U-0564,University of Petroleum and Energy Studies,Dehradun,Uttarakhand,44.65,97,56.69,19.48,60.48,65.01,31.99,2022
IR-O-U-0215,Bangalore University,Bangalore,Karnataka,44.53,98,58.7,17.38,74.73,57.04,10.45,2022
IR-O-U-0331,Tata Institute of Social Sciences,Mumbai,Maharashtra,44.52,99,56.66,10.45,78.36,75.42,11.75,2022
IR-O-U-0249,Visvesvaraya Technological University,Belgaum,Karnataka,44.35,100,58.94,27.28,61.1,58.36,4.3,2022
IR-O-U-0456,Indian Institute of Technology Madras,Chennai,Tamil Nadu,86.76,1,85.61,92.51,86.32,63.57,97.13,2021
IR-O-U-0220,Indian Institute of Science,Bengaluru,Karnataka,82.67,2,79.13,91.48,78.23,58.39,100.0,2021
IR-O-U-0306,Indian Institute of Technology Bombay,Mumbai,Maharashtra,82.52,3,83.52,87.81,80.86,57.48,91.96,2021
IR-O-I-1074,Indian Institute of Technology Delhi,New Delhi,Delhi,81.75,4,84.02,84.46,75.07,67.97,93.89,2021
IR-O-I-1075,Indian Institute of Technology Kanpur,Kanpur,Uttar Pradesh,76.5,5,80.5,75.23,80.74,56.97,79.3,2021
IR-O-U-0573,Indian Institute of Technology Kharagpur,Kharagpur,West Bengal,75.62,6,74.25,76.23,83.23,55.35,82.92,2021
IR-O-U-0560,Indian Institute of Technology Roorkee,Roorkee,Uttarakhand,71.4,7,76.68,68.37,83.16,65.31,47.28,2021
IR-O-U-0053,Indian Institute of Technology Guwahati,Guwahati,Assam,69.26,8,73.75,66.25,81.26,62.95,47.04,2021
IR-O-U-0109,Jawaharlal Nehru University,New Delhi,Delhi,66.61,9,71.19,44.96,95.07,73.36,54.12,2021
IR-O-U-0500,Banaras Hindu University,Varanasi,Uttar Pradesh,63.1,10,64.5,45.0,100.0,53.13,49.38,2021
IR-O-U-0570,Calcutta University,Kolkata,West Bengal,61.45,11,66.2,43.92,91.72,60.98,39.68,2021
IR-O-U-0436,Amrita Vishwa Vidyapeetham,Coimbatore,Tamil Nadu,59.87,12,64.23,54.33,71.35,65.54,34.8,2021
IR-O-U-0108,Jamia Millia Islamia,New Delhi,Delhi,59.54,13,66.44,43.43,86.67,72.35,20.25,2021
IR-O-U-0575,Jadavpur University,Kolkata,West Bengal,58.93,14,51.7,51.72,87.77,50.16,53.3,2021
IR-O-U-0234,Manipal Academy of Higher Education,Manipal,Karnataka,58.91,15,67.68,48.17,76.05,65.25,24.18,2021
IR-O-U-0013,Indian Institute of Technology Hyderabad,Hyderabad,Telangana,58.53,16,61.4,52.64,67.51,58.59,49.61,2021
IR-O-U-0042,University of Hyderabad,Hyderabad,Telangana,57.67,17,69.59,40.74,77.44,58.72,32.13,2021
IR-O-U-0496,Aligarh Muslim University,Aligarh,Uttar Pradesh,57.38,18,69.06,40.86,80.06,56.93,27.0,2021
IR-O-U-0120,University of Delhi,Delhi,Delhi,56.03,19,42.65,54.23,82.66,59.6,44.81,2021
IR-O-U-0323,Savitribai Phule Pune University,Pune,Maharashtra,55.83,20,62.95,42.77,86.96,50.92,16.41,2021
IR-O-U-0490,Vellore Institute of Technology,Vellore,Tamil Nadu,55.39,21,48.43,56.83,69.94,59.38,38.8,2021
IR-O-U-0447,Bharathiar University,Coimbatore,Tamil Nadu,55.38,22,61.79,47.45,74.17,53.21,24.6,2021
IR-O-U-0467,National Institute of Technology Tiruchirappalli,Tiruchirappalli,Tamil Nadu,54.97,23,52.39,44.58,71.79,63.34,51.82,2021
IR-O-U-0305,Indian Institute of Science Education & Research Pune,Pune,Maharashtra,54.47,24,67.24,45.58,59.31,58.75,28.91,2021
IR-O-U-0439,Anna University,Chennai,Tamil Nadu,54.42,25,51.91,43.09,73.11,51.35,61.72,2021
IR-O-U-0205,Indian Institute of Technology (Indian School of Mines),Dhanbad,Jharkhand,53.88,26,48.18,56.64,71.16,55.15,27.0,2021
IR-O-U-0308,Institute of Chemical Technology,Mumbai,Maharashtra,53.76,27,50.05,55.82,75.96,46.07,22.04,2021
IR-O-U-0701,Indian Institute of Technology (Banaras Hindu University) Varanasi,Varanasi,Uttar Pradesh,53.74,28,55.87,47.41,69.88,56.69,31.08,2021
IR-O-U-0391,Birla Institute of Technology & Science -Pilani,Pilani,Rajasthan,53.32,29,55.81,43.13,72.05,59.5,32.81,2021
IR-O-U-0273,Indian Institute of Technology Indore,Indore,Madhya Pradesh,53.22,30,57.51,49.25,69.71,56.59,15.91,2021
IR-O-U-0378,Indian Institute of Technology Ropar,Rupnagar,Punjab,52.89,31,72.76,32.92,62.05,63.88,23.76,2021
IR-O-U-0237,National Institute of Technology Karnataka,Surathkal,Karnataka,52.88,32,53.81,41.74,73.32,65.58,30.01,2021
IR-O-U-0139,Indian Institute of Technology Gandhinagar,Gandhinagar,Gujarat,52.77,33,71.26,37.15,57.21,64.21,23.76,2021
IR-O-U-0235,Mysore University,Mysuru,Karnataka,50.49,34,68.77,18.79,90.54,54.24,6.85,2021
IR-O-U-0572,Indian Institute of Science Education & Research Kolkata,Mohanpur,West Bengal,50.48,35,59.67,38.82,66.26,53.53,23.34,2021
IR-O-U-0304,Homi Bhabha National Institute,Mumbai,Maharashtra,50.42,36,68.64,36.45,65.98,50.79,6.22,2021
IR-O-U-0363,Siksha `O` Anusandhan,Bhubaneswar,Odisha,50.34,37,63.89,29.92,71.34,65.89,13.28,2021
IR-O-U-0078,Panjab University,Chandigarh,Chandigarh,50.31,38,48.88,40.86,71.57,53.49,37.31,2021
IR-O-U-0356,Kalinga Institute of Industrial Technology,Bhubaneswar,Odisha,50.0,39,62.4,27.78,70.0,78.43,11.06,2021
IR-O-U-0377,"Indian Institute of Science Education & Research, Mohali",Mohali,Punjab,49.58,40,62.43,31.86,59.58,71.65,22.04,2021
IR-O-U-0357,National Institute of Technology Rourkela,Rourkela,Odisha,49.27,41,49.19,48.29,65.32,51.66,17.89,2021
IR-O-U-0476,Shanmugha Arts Science Technology & Research Academy,Thanjavur,Tamil Nadu,49.15,42,58.58,38.28,66.3,57.78,10.48,2021
IR-O-U-0260,Kerala University,Thiruvananthapuram,Kerala,48.87,43,64.77,19.93,89.11,51.53,4.91,2021
IR-O-U-0497,Amity University,Gautam Budh Nagar,Uttar Pradesh,48.87,43,48.98,43.27,67.55,64.66,12.18,2021
IR-O-I-1480,Thapar Institute of Engineering and Technology,Patiala,Punjab,48.83,45,50.44,42.26,67.3,56.35,19.32,2021
IR-O-U-0584,Indian Institute of Engineering Science and Technology,Shibpur,West Bengal,48.7,46,51.58,38.99,68.65,50.22,27.77,2021
IR-O-I-1357,University of Madras,Chennai,Tamil Nadu,48.66,47,61.35,31.82,66.43,53.88,20.25,2021
IR-O-U-0006,"Andhra University, Visakhapatnam",Visakhapatnam,Andhra Pradesh,48.65,48,55.04,25.59,85.84,54.46,18.37,2021
IR-O-I-1441,Saveetha Institute of Medical and Technical Sciences,Chennai,Tamil Nadu,48.63,49,61.78,34.28,64.91,65.99,2.18,2021
IR-O-U-0272,Indian Institute of Science Education & Research Bhopal,Bhopal,Madhya Pradesh,48.57,50,63.78,30.9,63.49,66.63,8.1,2021
IR-O-U-0064,Indian Institute of Technology Patna,Patna,Bihar,47.67,51,60.04,37.02,57.6,53.94,16.41,2021
IR-O-U-0262,Mahatma Gandhi University,Kottayam,Kerala,47.62,52,59.27,34.73,68.77,52.55,4.24,2021
IR-O-U-0473,S.R.M. Institute of Science and Technology,Chennai,Tamil Nadu,47.3,53,49.93,39.07,68.47,58.6,10.48,2021
IR-O-U-0098,Delhi Technological University,New Delhi,Delhi,46.98,54,54.52,29.82,65.95,59.25,25.82,2021
IR-O-U-0334,Visvesvaraya National Institute of Technology,Nagpur,Maharashtra,46.98,54,49.85,37.31,68.93,55.11,15.39,2021
IR-O-U-0222,JSS Academy of Higher Education and Research,Mysuru,Karnataka,46.95,56,63.04,19.39,66.7,70.04,18.85,2021
IR-O-U-0435,Alagappa University,Karaikudi,Tamil Nadu,46.79,57,58.71,27.32,67.45,51.68,23.34,2021
IR-O-U-0355,Indian Institute of Technology Bhubaneswar,Bhubaneswar,Odisha,46.78,58,51.73,37.83,62.64,55.02,18.85,2021
IR-O-U-0025,National Institute of Technology Warangal,Warangal,Telangana,46.69,59,50.61,31.04,70.32,56.38,25.01,2021
IR-O-U-0523,King George`s Medical University,Lucknow,Uttar Pradesh,46.65,60,64.39,27.23,62.97,57.57,8.1,2021
IR-O-U-0474,Sathyabama Institute of Science and Technology,Chennai,Tamil Nadu,46.6,61,54.06,34.0,64.82,64.68,7.48,2021
IR-O-U-0136,Gujarat University,Ahmedabad,Gujarat,46.57,62,64.76,15.7,81.28,56.13,5.57,2021
IR-O-U-0027,Osmania University,Hyderabad,Telangana,46.57,62,52.04,28.16,79.86,51.62,13.82,2021
IR-O-U-0107,Jamia Hamdard,New Delhi,Delhi,46.46,64,57.82,27.62,69.75,60.64,8.1,2021
IR-O-U-0253,Cochin University of Science and Technology,Cochin,Kerala,46.02,65,54.37,29.63,70.28,52.7,14.88,2021
IR-O-U-0389,Banasthali Vidyapith,Banasthali,Rajasthan,45.89,66,54.19,14.23,83.55,75.99,10.48,2021
IR-O-U-0052,Gauhati University,Guwahati,Assam,45.87,67,55.17,19.05,83.56,58.4,10.48,2021
IR-O-U-0329,Symbiosis International,Pune,Maharashtra,45.65,68,61.83,18.5,64.52,72.16,14.35,2021
IR-O-U-0020,Koneru Lakshmaiah Education Foundation University (K L College of Engineering),Vaddeswaram,Andhra Pradesh,45.64,69,58.89,30.78,64.62,55.99,2.18,2021
IR-O-U-0331,Tata Institute of Social Sciences,Mumbai,Maharashtra,45.63,70,61.2,12.32,77.33,72.28,8.71,2021
IR-O-U-0577,National Institute of Technology Durgapur,Durgapur,West Bengal,45.36,71,50.51,34.26,66.66,56.15,9.9,2021
IR-O-U-0410,Malaviya National Institute of Technology,Jaipur,Rajasthan,45.29,72,56.13,35.12,57.57,58.38,5.57,2021
IR-O-U-0056,Tezpur University,Tezpur,Assam,45.22,73,58.32,30.02,61.65,52.17,11.62,2021
IR-O-U-0458,Kalasalingam Academy of Research and Education,Srivilliputtur,Tamil Nadu,45.07,74,56.74,21.81,65.2,73.06,11.62,2021
IR-O-U-0446,Bharath Institute of Higher Education & Research,Chennai,Tamil Nadu,44.81,75,55.4,24.41,67.59,67.94,5.57,2021
IR-O-U-0196,University of Kashmir,Srinagar,Jammu and Kashmir,44.64,76,60.49,19.51,77.03,50.12,2.18,2021
IR-O-U-0747,Chandigarh University,Mohali,Punjab,44.62,77,57.48,14.24,63.4,75.44,28.91,2021
IR-O-U-0374,Dr. B. R. Ambedkar National Institute of Technology,Jalandhar,Punjab,44.53,78,54.39,25.23,64.17,63.76,14.35,2021
IR-O-I-1486,Sri Ramachandra Institute of Higher Education and Research,Chennai,Tamil Nadu,44.4,79,64.83,18.35,61.13,64.73,7.48,2021
IR-O-I-1110,Dr. D. Y. Patil Vidyapeeth,Pune,Maharashtra,44.19,80,65.15,14.45,63.29,61.56,14.88,2021
IR-O-U-0379,Lovely Professional University,Phagwara,Punjab,43.95,81,47.55,27.51,63.87,65.97,20.7,2021
IR-O-U-0184,Indian Institute of Technology Mandi,Mandi,Himachal Pradesh,43.93,82,50.05,30.59,61.27,62.07,12.73,2021
IR-O-U-0463,Madurai Kamaraj University,Madurai,Tamil Nadu,43.75,83,61.71,24.77,57.68,48.43,14.35,2021
IR-O-U-0642,Shiv Nadar University,Dadri,Uttar Pradesh,43.6,84,59.5,19.37,63.5,59.14,13.28,2021
IR-O-U-0376,Guru Nanak Dev University,Amritsar,Punjab,43.21,85,40.78,28.63,76.11,53.77,17.89,2021
IR-O-C-37013,PSG College of Technology,Coimbatore,Tamil Nadu,43.14,86,55.37,18.13,58.69,50.17,43.26,2021
IR-O-U-0369,Pondicherry University,Puducherry,Pondicherry,43.1,87,39.94,30.1,72.4,58.18,17.89,2021
IR-O-U-0530,Motilal Nehru National Institute of Technology,Prayagraj,Uttar Pradesh,43.04,88,47.86,28.49,67.68,54.77,11.06,2021
IR-O-C-16604,Sri Sivasubramaniya Nadar College of Engineering,Kancheepuram,Tamil Nadu,42.94,89,53.36,29.01,59.42,53.63,9.9,2021
IR-O-U-0448,Bharathidasan University,Tiruchirappalli,Tamil Nadu,42.79,90,54.74,29.92,53.67,47.8,18.85,2021
IR-O-U-0341,North Eastern Hill University,Shillong,Meghalaya,42.79,90,55.53,16.31,74.61,51.63,11.62,2021
IR-O-U-0037,Sri Venkateswara University,Tirupati,Andhra Pradesh,42.78,92,51.21,19.87,79.19,50.61,5.57,2021
IR-O-U-0055,National Institute of Technology Silchar,Silchar,Assam,42.68,93,47.28,32.31,64.18,52.84,6.85,2021
IR-O-N-10,SVKM`s Narsee Monjee Institute of Management Studies,Mumbai,Maharashtra,42.56,94,63.31,14.77,63.13,60.92,4.24,2021
IR-O-U-0251,Calicut University,Malappuram,Kerala,42.42,95,63.32,16.64,63.32,54.77,2.88,2021
IR-O-U-0318,Mumbai University,Mumbai,Maharashtra,41.79,96,49.58,19.08,78.35,47.78,7.48,2021
IR-O-U-0589,Visva Bharati,Santiniketan,West Bengal,41.74,97,49.51,26.16,73.81,36.58,6.22,2021
IR-O-U-0149,Sardar Vallabhbhai National Institute of Technology,Surat,Gujarat,41.72,98,45.31,29.28,64.48,57.03,7.48,2021
IR-O-U-0099,Guru Gobind Singh Indraprastha University,New Delhi,Delhi,41.43,99,48.12,22.64,64.22,52.45,21.15,2021
IR-O-U-0295,Datta Meghe Institute of Medical Sciences,Wardha,Maharashtra,41.1,100,64.06,10.35,60.07,66.19,1.46,2021
IR-O-U-0456,Indian Institute of Technology Madras,Chennai,Tamil Nadu,85.31,1,81.86,90.67,88.26,62.78,96.16,2020
IR-O-U-0220,Indian Institute of Science,Bengaluru,Karnataka,84.18,2,82.22,92.16,82.89,52.84,100.0,2020
IR-O-I-1074,Indian Institute of Technology Delhi,New Delhi,Delhi,81.33,3,80.59,87.16,77.18,66.41,89.17,2020
IR-O-U-0306,Indian Institute of Technology Bombay,Mumbai,Maharashtra,80.75,4,79.32,86.46,82.48,54.14,90.97,2020
IR-O-U-0573,Indian Institute of Technology Kharagpur,Kharagpur,West Bengal,75.85,5,68.6,79.73,86.12,59.07,82.21,2020
IR-O-I-1075,Indian Institute of Technology Kanpur,Kanpur,Uttar Pradesh,74.99,6,75.64,74.76,81.87,55.61,79.43,2020
IR-O-U-0053,Indian Institute of Technology Guwahati,Guwahati,Assam,68.81,7,74.06,63.55,81.85,62.35,49.09,2020
IR-O-U-0109,Jawaharlal Nehru University,New Delhi,Delhi,68.76,8,74.98,44.8,100.0,75.1,53.19,2020
IR-O-U-0560,Indian Institute of Technology Roorkee,Roorkee,Uttarakhand,68.48,9,68.29,67.0,85.21,64.29,44.17,2020
IR-O-U-0500,Banaras Hindu University,Varanasi,Uttar Pradesh,62.03,10,70.91,44.89,85.65,58.76,42.84,2020
IR-O-U-0570,Calcutta University,Kolkata,West Bengal,61.01,11,59.26,48.58,91.03,61.66,42.84,2020
IR-O-U-0575,Jadavpur University,Kolkata,West Bengal,60.77,12,53.38,52.96,90.39,48.67,59.2,2020
IR-O-U-0436,Amrita Vishwa Vidyapeetham,Coimbatore,Tamil Nadu,60.74,13,69.65,52.11,73.66,65.83,29.04,2020
IR-O-U-0234,Manipal Academy of Higher Education,Manipal,Karnataka,59.96,14,75.44,42.62,75.36,66.21,28.5,2020
IR-O-U-0042,University of Hyderabad,Hyderabad,Telangana,59.92,15,71.15,42.93,81.18,54.01,40.46,2020
IR-O-U-0108,Jamia Millia Islamia,New Delhi,Delhi,59.85,16,71.35,38.3,88.52,73.05,19.43,2020
IR-O-U-0013,Indian Institute of Technology Hyderabad,Hyderabad,Telangana,59.59,17,69.97,48.99,66.96,58.36,46.7,2020
IR-O-U-0120,University of Delhi,Delhi,Delhi,58.97,18,50.18,55.4,85.21,60.37,42.06,2020
IR-O-U-0323,Savitribai Phule Pune University,Pune,Maharashtra,58.77,19,67.66,45.48,85.36,56.22,21.41,2020
IR-O-U-0439,Anna University,Chennai,Tamil Nadu,58.1,20,56.0,48.61,77.49,52.37,59.85,2020
IR-O-U-0447,Bharathiar University,Coimbatore,Tamil Nadu,57.32,21,67.47,46.47,75.58,52.82,27.4,2020
IR-O-U-0205,Indian Institute of Technology (Indian School of Mines),Dhanbad,Jharkhand,56.05,22,52.15,55.69,76.38,56.13,27.95,2020
IR-O-U-0273,Indian Institute of Technology Indore,Indore,Madhya Pradesh,55.94,23,69.47,47.56,69.7,58.93,10.0,2020
IR-O-U-0467,National Institute of Technology Tiruchirappalli,Tiruchirappalli,Tamil Nadu,55.92,24,60.37,40.88,71.62,64.09,48.08,2020
IR-O-U-0305,Indian Institute of Science Education & Research Pune,Pune,Maharashtra,55.43,25,69.95,45.05,59.67,60.47,29.58,2020
IR-O-U-0701,Indian Institute of Technology (BHU) Varanasi,Varanasi,Uttar Pradesh,54.82,26,63.03,42.97,67.68,57.09,37.73,2020
IR-O-U-0391,Birla Institute of Technology & Science,Pilani,Rajasthan,54.13,27,62.76,40.72,72.48,60.97,24.81,2020
IR-O-U-0490,Vellore Institute of Technology,Vellore,Tamil Nadu,53.89,28,48.71,54.82,67.26,58.15,35.72,2020
IR-O-U-0572,Indian Institute of Science Education & Research Kolkata,Mohanpur,West Bengal,53.49,29,68.86,38.92,64.94,54.55,27.12,2020
IR-O-U-0304,Homi Bhabha National Institute,Mumbai,Maharashtra,53.2,30,82.4,30.44,69.83,48.72,5.06,2020
IR-O-U-0496,Aligarh Muslim University,Aligarh,Uttar Pradesh,52.54,31,70.97,40.78,55.7,57.39,21.41,2020
IR-O-U-0357,National Institute of Technology Rourkela,Rourkela,Odisha,51.87,32,56.48,48.96,67.16,48.68,19.43,2020
IR-O-U-0237,National Institute of Technology Karnataka,Surathkal,Karnataka,51.86,33,57.45,37.5,72.93,56.28,31.64,2020
IR-O-U-0308,Institute of Chemical Technology,Mumbai,Maharashtra,51.7,34,51.99,48.02,75.33,46.08,20.1,2020
IR-O-U-0139,Indian Institute of Technology Gandhinagar,Gandhinagar,Gujarat,51.49,35,68.47,36.5,55.42,61.46,27.68,2020
IR-O-U-0006,Andhra University,Visakhapatnam,Andhra Pradesh,51.24,36,63.77,25.99,86.1,56.86,14.03,2020
IR-O-U-0107,Jamia Hamdard,New Delhi,Delhi,51.02,37,69.79,28.48,73.16,61.71,7.38,2020
IR-O-U-0363,Siksha `O` Anusandhan,Bhubaneswar,Odisha,50.97,38,72.43,25.73,71.13,63.78,9.15,2020
IR-O-U-0378,Indian Institute of Technology Ropar,Rupnagar,Punjab,50.92,39,69.21,31.54,63.27,60.45,20.1,2020
IR-O-U-0272,Indian Institute of Science Education & Research Bhopal,Bhopal,Madhya Pradesh,50.83,40,68.07,30.91,65.25,70.48,10.42,2020
IR-O-I-1357,University of Madras,Chennai,Tamil Nadu,50.76,41,65.37,33.16,68.21,55.23,20.43,2020
IR-O-U-0260,Kerala University,Thiruvananthapuram,Kerala,50.71,42,73.76,19.03,86.0,51.56,5.06,2020
IR-O-U-0584,Indian Institute of Engineering Science and Technology,Shibpur,West Bengal,50.41,43,58.92,38.96,65.97,46.0,32.64,2020
IR-O-U-0356,Kalinga Institute of Industrial Technology,Bhubaneswar,Odisha,50.24,44,67.82,22.59,72.25,76.16,10.42,2020
IR-O-U-0078,Panjab University,Chandigarh,Chandigarh,50.24,44,50.08,42.83,71.27,54.9,26.27,2020
IR-O-U-0025,National Institute of Technology Warangal,Warangal,Telangana,49.82,46,61.97,30.19,68.87,59.82,24.21,2020
IR-O-U-0235,Mysore University,Mysuru,Karnataka,49.75,47,62.99,19.55,92.51,54.45,10.42,2020
IR-O-U-0476,Shanmugha Arts Science Technology & Research Academy,Thanjavur,Tamil Nadu,49.4,48,63.86,35.91,65.46,57.76,6.0,2020
IR-O-U-0262,Mahatma Gandhi University,Kottayam,Kerala,49.29,49,69.15,30.32,71.21,46.6,5.53,2020
IR-O-U-0523,King George`s Medical University,Lucknow,Uttar Pradesh,48.91,50,77.94,26.47,61.22,44.84,8.71,2020
IR-O-I-1480,Thapar Institute of Engineering & Technology,Patiala,Punjab,48.59,51,56.99,38.79,65.75,55.71,11.25,2020
IR-O-I-1486,Sri Ramachandra Institute of Higher Education And Research,Chennai,Tamil Nadu,48.59,51,76.71,16.92,67.48,60.92,9.15,2020
IR-O-U-0027,Osmania University,Hyderabad,Telangana,48.54,53,55.95,25.56,86.42,55.22,12.86,2020
IR-O-U-0222,JSS Academy of Higher Education and Research,Mysuru,Karnataka,48.09,54,70.68,18.74,66.64,69.78,9.58,2020
IR-O-U-0064,Indian Institute of Technology Patna,Patna,Bihar,48.09,54,67.89,32.37,54.56,52.85,18.06,2020
IR-O-U-0355,Indian Institute of Technology Bhubaneswar,Bhubaneswar,Odisha,47.96,56,56.97,36.3,59.25,55.31,25.98,2020
IR-O-U-0331,Tata Institute of Social Sciences,Mumbai,Maharashtra,47.45,57,64.38,11.4,80.01,75.54,11.66,2020
IR-O-U-0473,S. R. M. Institute of Science and Technology,Chennai,Tamil Nadu,47.27,58,56.48,34.43,67.43,58.58,6.47,2020
IR-O-U-0377,Indian Institute of Science Education & Research Mohali,Mohali,Punjab,47.19,59,68.47,29.98,43.61,72.82,16.64,2020
IR-O-U-0136,Gujarat University,Ahmedabad,Gujarat,47.1,60,68.05,13.4,83.9,55.67,3.11,2020
IR-O-U-0474,Sathyabama Institute of Science and Technology,Chennai,Tamil Nadu,47.03,61,60.75,30.41,65.23,64.31,2.1,2020
IR-O-U-0098,Delhi Technological University,New Delhi,Delhi,46.89,62,57.71,28.86,66.91,54.62,20.76,2020
IR-O-U-0497,Amity University Noida,Gautam Budh Nagar,Uttar Pradesh,46.88,63,50.79,37.48,66.42,62.52,8.71,2020
IR-O-U-0435,Alagappa University,Karaikudi,Tamil Nadu,46.85,64,63.66,22.69,68.36,51.63,21.09,2020
IR-O-U-0056,Tezpur University,Tezpur,Assam,46.83,65,62.03,30.34,63.23,49.21,15.54,2020
IR-O-I-1441,Saveetha Institute of Medical and Technical Sciences,Chennai,Tamil Nadu,46.81,66,65.8,24.29,64.87,66.51,1.58,2020
IR-O-U-0184,Indian Institute of Technology Mandi,Mandi,Himachal Pradesh,46.56,67,57.22,30.81,64.14,63.26,10.0,2020
IR-O-U-0037,Sri Venkateswara University,Tirupati,Andhra Pradesh,46.14,68,61.83,21.53,76.24,48.81,10.0,2020
IR-O-U-0589,Visva Bharati,Santiniketan,West Bengal,45.95,69,58.41,27.29,75.58,40.84,10.42,2020
IR-O-U-0020,Koneru Lakshmaiah Education Foundation University,Vaddeswaram,Andhra Pradesh,45.89,70,65.54,24.52,64.0,55.66,5.06,2020
IR-O-U-0410,Malaviya National Institute of Technology,Jaipur,Rajasthan,45.65,71,61.26,33.25,57.0,55.34,3.61,2020
IR-O-U-0052,Gauhati University,Guwahati,Assam,45.48,72,59.87,17.04,81.09,55.87,6.0,2020
IR-O-U-0329,Symbiosis International,Pune,Maharashtra,45.43,73,70.05,14.11,63.35,72.57,2.61,2020
IR-O-U-0341,North Eastern Hill University,Shillong,Meghalaya,45.31,74,65.03,15.19,75.6,53.4,7.83,2020
IR-O-I-1110,Dr. D. Y. Patil Vidyapeeth,Pune,Maharashtra,45.08,75,75.2,9.71,63.68,63.64,5.06,2020
IR-O-U-0251,Calicut University,Malappuram,Kerala,44.71,76,66.18,17.39,69.3,53.19,4.58,2020
IR-O-U-0448,Bharathidasan University,Tiruchirappalli,Tamil Nadu,44.7,77,63.49,28.38,50.92,46.57,22.99,2020
IR-O-U-0196,University of Kashmir,Srinagar,Jammu and Kashmir,44.67,78,60.25,18.51,79.14,49.47,2.61,2020
IR-O-U-0389,Banasthali Vidyapith,Banasthali,Rajasthan,44.61,79,52.72,12.82,85.27,75.87,3.11,2020
IR-O-U-0254,Indian Institute of Science Education & Research Thiruvananthapuram,Thiruvananthapuram,Kerala,44.53,80,61.09,26.45,59.94,47.85,14.79,2020
IR-O-U-0369,Pondicherry University,Puducherry,Pondicherry,44.48,81,45.97,28.85,73.14,58.52,15.54,2020
IR-O-U-0642,Shiv Nadar University,Dadri,Uttar Pradesh,44.47,82,68.11,16.4,62.82,60.52,5.06,2020
IR-O-C-16604,Sri Sivasubramaniya Nadar College of Engineering,Kancheepuram,Tamil Nadu,44.42,83,58.51,27.12,63.11,53.78,7.38,2020
IR-O-U-0463,Madurai Kamaraj University,Madurai,Tamil Nadu,44.27,84,63.88,26.14,56.9,42.62,16.28,2020
IR-O-C-37013,PSG College of Technology,Coimbatore,Tamil Nadu,44.17,85,62.42,16.13,60.65,49.93,34.79,2020
IR-O-U-0202,Birla Institute of Technology,Ranchi,Jharkhand,44.17,85,56.25,28.71,56.04,52.33,22.37,2020
IR-O-U-0446,Bharath Institute of Higher Education & Research,Chennai,Tamil Nadu,44.03,87,59.45,18.56,66.96,66.89,5.53,2020
IR-O-U-0376,Guru Nanak Dev University,Amritsar,Punjab,43.81,88,44.31,30.06,77.12,53.04,7.83,2020
IR-O-U-0253,Cochin University of Science and Technology,Cochin,Kerala,43.71,89,50.14,27.78,67.84,51.36,16.28,2020
IR-O-U-0195,University of Jammu,Jammu,Jammu and Kashmir,43.61,90,64.78,16.33,72.53,45.63,2.1,2020
IR-O-N-17,Sawai Man Singh Medical College,Jaipur,Rajasthan,43.5,91,82.87,4.93,61.02,49.59,0.0,2020
IR-O-N-10,SVKM`s Narsee Monjee Institute of Management Studies ,Mumbai,Maharashtra,43.07,92,66.87,12.44,64.13,62.44,2.1,2020
IR-O-U-0530,Motilal Nehru National Institute of Technology,Allahabad,Uttar Pradesh,42.87,93,51.75,26.38,66.33,52.1,9.58,2020
IR-O-U-0055,National Institute of Technology Silchar,Silchar,Assam,42.76,94,52.19,28.42,64.18,52.18,5.06,2020
IR-O-U-0318,Mumbai University,Mumbai,Maharashtra,42.45,95,48.08,20.84,77.97,53.61,8.27,2020
IR-O-U-0577,National Institute of Technology Durgapur,Durgapur,West Bengal,42.26,96,47.46,31.21,63.17,51.24,9.15,2020
IR-O-U-0295,Datta Meghe Institute of Medical Sciences,Wardha,Maharashtra,42.24,97,73.22,7.13,60.79,59.68,0.0,2020
IR-O-I-1361,Bharati Vidyapeeth,Pune,Maharashtra,42.23,98,61.13,12.09,65.73,58.16,12.86,2020
IR-O-U-0379,Lovely Professional University,Phagwara,Punjab,41.81,99,57.28,16.44,62.61,67.68,4.1,2020
IR-O-U-0215,"Bangalore University
                                                                                                                                                                                                                                                                                                                                                                                                                                                                                                                                                                                                                                                                                                                                                                                                                                                                                                                                                                                                                                                                                                                                                                                                                                                                                                                                                                                                                                                                                                                                                                                                                                                                                                                                                                                                                                                                                        ",Bengaluru,Karnataka,41.8,100,65.5,13.0,57.99,57.2,9.15,2020
IR-O-U-0456,Indian Institute of Technology Madras,Chennai,Tamil Nadu,83.88,1,84.56,83.53,87.13,66.08,94.14,2019
IR-O-U-0220,Indian Institute of Science,Bengaluru,Karnataka,82.28,2,83.16,89.24,78.57,48.47,100.0,2019
IR-O-I-1074,Indian Institute of Technology Delhi,New Delhi,Delhi,78.69,3,78.3,82.98,79.14,58.58,86.14,2019
IR-O-U-0306,Indian Institute of Technology Bombay,Mumbai,Maharashtra,78.62,4,76.95,84.36,82.31,50.68,86.92,2019
IR-O-U-0573,Indian Institute of Technology Kharagpur,Kharagpur,West Bengal,74.31,5,67.36,76.65,86.17,60.63,78.11,2019
IR-O-I-1075,Indian Institute of Technology Kanpur,Kanpur,Uttar Pradesh,69.07,6,71.95,69.61,69.96,50.39,75.68,2019
IR-O-U-0109,Jawaharlal Nehru University,New Delhi,Delhi,68.68,7,76.75,41.85,99.87,75.87,55.27,2019
IR-O-U-0560,Indian Institute of Technology Roorkee,Roorkee,Uttarakhand,67.68,8,67.32,65.08,87.14,61.64,43.66,2019
IR-O-U-0053,Indian Institute of Technology Guwahati,Guwahati,Assam,65.47,9,76.79,56.58,73.87,60.63,46.34,2019
IR-O-U-0500,Banaras Hindu University,Varanasi,Uttar Pradesh,64.55,10,69.72,46.48,96.37,57.01,47.28,2019
IR-O-U-0042,University of Hyderabad,Hyderabad,Telangana,61.85,11,74.81,43.78,83.64,58.77,36.71,2019
IR-O-U-0570,Calcutta University,Kolkata,West Bengal,60.87,12,62.26,47.1,91.54,60.14,37.39,2019
IR-O-U-0575,Jadavpur University,Kolkata,West Bengal,60.53,13,54.4,54.89,90.28,44.95,51.83,2019
IR-O-U-0439,Anna University,Chennai,Tamil Nadu,60.35,14,56.39,54.1,78.07,53.16,62.72,2019
IR-O-U-0436,Amrita Vishwa Vidyapeetham,Coimbatore,Tamil Nadu,59.22,15,73.03,43.77,70.28,70.23,31.01,2019
IR-O-U-0234,Manipal Academy of Higher Education,Manipal,Karnataka,58.5,16,77.91,38.31,69.71,66.78,30.21,2019
IR-O-U-0323,Savitribai Phule Pune University,Pune,Maharashtra,58.4,17,69.26,44.42,86.04,54.34,16.55,2019
IR-O-U-0496,Aligarh Muslim University,Aligarh,Uttar Pradesh,58.36,18,76.69,35.38,85.67,57.56,18.46,2019
IR-O-U-0108,Jamia Millia Islamia,New Delhi,Delhi,58.07,19,73.74,32.04,88.53,71.97,14.26,2019
IR-O-U-0120,University of Delhi,Delhi,Delhi,57.59,20,47.87,53.79,87.18,55.4,41.11,2019
IR-O-U-0447,Bharathiar University,Coimbatore,Tamil Nadu,57.23,21,66.93,45.04,76.53,52.11,31.2,2019
IR-O-U-0013,Indian Institute of Technology Hyderabad,Hyderabad,Telangana,56.92,22,70.91,40.82,67.47,58.77,40.33,2019
IR-O-U-0305,Indian Institute of Science Education & Research Pune,Pune,Maharashtra,54.48,23,70.53,42.05,57.13,60.11,32.75,2019
IR-O-U-0467,National Institute of Technology Tiruchirappalli,Tiruchirappalli,Tamil Nadu,54.32,24,61.25,34.72,70.89,62.89,50.61,2019
IR-O-U-0205,Indian Institute of Technology (Indian School of Mines) Dhanbad,Dhanbad,Jharkhand,53.4,25,54.72,50.98,76.0,39.42,25.54,2019
IR-O-S-8972,Indian Institute of Management Calcutta,Kolkata,West Bengal,52.68,26,78.8,17.12,62.55,67.62,46.34,2019
IR-O-U-0308,Institute of Chemical Technology,Mumbai,Maharashtra,52.62,27,54.67,48.4,72.61,51.49,20.28,2019
IR-O-U-0701,Indian Institute of Technology (Banaras Hindu University) Varanasi,Varanasi,Uttar Pradesh,52.49,28,62.09,39.44,68.32,54.48,29.2,2019
IR-O-U-0006,Andhra University,Visakhapatnam,Andhra Pradesh,52.11,29,69.36,23.16,86.61,55.73,14.55,2019
IR-O-U-0304,Homi Bhabha National Institute,Mumbai,Maharashtra,51.95,30,83.26,25.24,71.18,47.29,4.33,2019
IR-O-U-0107,Jamia Hamdard,New Delhi,Delhi,51.73,31,69.64,29.92,74.12,63.52,6.86,2019
IR-O-U-0490,Vellore Institute of Technology,Vellore,Tamil Nadu,51.44,32,48.7,47.63,66.55,57.02,35.31,2019
IR-O-I-1357,University of Madras,Chennai,Tamil Nadu,51.34,33,64.29,33.28,68.26,54.18,30.01,2019
IR-O-U-0078,Panjab University,Chandigarh,Chandigarh,51.25,34,51.02,44.82,72.5,52.89,27.09,2019
IR-O-U-0260,Kerala University,Thiruvananthapuram,Kerala,51.21,35,74.8,18.84,85.7,51.2,8.59,2019
IR-O-U-0584,Indian Institute of Engineering Science and Technology,Shibpur,West Bengal,50.96,36,62.98,36.74,66.47,47.19,30.41,2019
IR-O-U-0272,Indian Institute of Science Education & Research Bhopal,Bhopal,Madhya Pradesh,50.88,37,68.8,31.49,65.92,68.21,7.91,2019
IR-O-U-0357,National Institute of Technology Rourkela,Rourkela,Odisha,50.75,38,54.23,45.65,68.68,45.97,24.4,2019
IR-O-U-0391,Birla Institute of Technology & Science,Pilani,Rajasthan,50.53,39,56.68,34.14,73.06,52.26,34.41,2019
IR-O-U-0572,Indian Institute of Science Education & Research Kolkata,Mohanpur,West Bengal,50.44,40,69.99,41.21,45.09,55.69,24.86,2019
IR-O-U-0363,Siksha `O` Anusandhan,Bhubaneswar,Odisha,50.31,41,72.96,21.17,69.84,61.04,20.02,2019
IR-O-U-0523,King George`s Medical University,Lucknow,Uttar Pradesh,49.91,42,79.82,25.85,61.38,53.38,5.8,2019
IR-O-U-0027,Osmania University,Hyderabad,Telangana,49.86,43,58.2,24.95,92.09,55.68,9.26,2019
IR-O-U-0184,Indian Institute of Technology Mandi,Mandi,Himachal Pradesh,49.4,44,67.62,28.36,64.56,65.68,11.2,2019
IR-O-I-1480,Thapar Institute of Engineering and Technology (Deemed-to-be-university),Patiala,Punjab,49.27,45,62.13,36.3,65.31,56.58,10.24,2019
IR-O-U-0355,Indian Institute of Technology Bhubaneswar,Bhubaneswar,Odisha,48.73,46,64.64,32.91,55.57,57.61,25.99,2019
IR-O-U-0435,Alagappa University,Karaikudi,Tamil Nadu,48.54,47,66.72,22.18,71.17,49.75,26.65,2019
IR-O-U-0056,Tezpur University,Tezpur,Assam,48.47,48,66.92,30.1,63.47,50.99,15.71,2019
IR-O-U-0262,Mahatma Gandhi University,Kottayam,Kerala,48.08,49,66.49,26.97,72.39,51.98,3.58,2019
IR-O-U-0356,Kalinga Institute of Industrial Technology,Bhubaneswar,Odisha,47.97,50,66.01,18.1,71.7,69.38,14.55,2019
IR-O-U-0139,Indian Institute of Technology Gandhinagar,Gandhinagar,Gujarat,47.85,51,61.95,31.43,56.23,61.6,24.17,2019
IR-O-U-0473,SRM Institute of Science and Technology,Chennai,Tamil Nadu,47.8,52,56.67,26.51,78.07,58.09,14.26,2019
IR-O-U-0237,National Institute of Technology Karnataka,Surathkal,Karnataka,47.37,53,51.32,32.27,71.35,50.89,29.4,2019
IR-O-I-1486,Sri Ramachandra Institute of Higher Education and Research,Chennai,Tamil Nadu,47.34,54,73.84,16.57,70.49,55.04,6.15,2019
IR-O-U-0222,JSS Academy of Higher Education and Research,Mysore,Karnataka,46.97,55,70.32,15.74,65.48,70.26,10.24,2019
IR-O-U-0331,Tata Institute of Social Sciences,Mumbai,Maharashtra,46.82,56,65.17,9.97,79.76,71.16,12.14,2019
IR-O-U-0446,Bharath Institute of Higher Education & Research,Chennai,Tamil Nadu,46.32,57,68.09,17.76,64.96,72.53,3.19,2019
IR-O-U-0064,Indian Institute of Technology Patna,Patna,Bihar,46.28,58,66.93,29.8,54.37,51.43,12.45,2019
IR-O-U-0589,Visva Bharati,Santiniketan,West Bengal,46.27,59,60.65,26.07,74.79,41.39,11.52,2019
IR-O-U-0554,G. B. Pant Universtiy of Agriculture and Technology,Pantnagar,Uttarakhand,46.09,60,71.58,15.49,75.65,43.02,5.44,2019
IR-O-U-0025,National Institute of Technology Warangal,Warangal,Telangana,46.06,61,57.88,24.71,67.97,57.45,19.51,2019
IR-O-U-0341,North Eastern Hill University,Shillong,Meghalaya,45.99,62,67.86,14.53,75.72,54.75,6.51,2019
IR-O-U-0476,Shanmugha Arts Science Technology & Research Academy,Thanjavur,Tamil Nadu,45.8,63,55.55,32.38,65.16,57.13,6.86,2019
IR-O-U-0474,Sathyabama Institute of Science and Technology,Chennai,Tamil Nadu,45.58,64,59.17,27.15,65.86,62.79,2.41,2019
IR-O-U-0052,Gauhati University,Guwahati,Assam,45.57,65,66.09,18.08,74.7,44.24,9.59,2019
IR-O-U-0377,Indian Institute of Science Education & Research Mohali,Mohali,Punjab,45.43,66,66.43,25.27,45.39,70.98,17.38,2019
IR-O-I-1441,Saveetha Institute of Medical and Technical Sciences,Chennai,Tamil Nadu,45.42,67,69.98,17.64,62.16,67.15,0.0,2019
IR-O-U-0485,Tamil Nadu Agricultural University,Coimbatore,Tamil Nadu,45.41,68,74.72,11.58,69.31,45.1,11.52,2019
IR-O-U-0463,Madurai Kamraj University,Madurai,Tamil Nadu,45.2,69,63.94,28.11,57.1,41.36,20.28,2019
IR-O-I-1110,Dr. D. Y. Patil Vidyapeeth,Pune,Maharashtra,45.11,70,77.38,7.61,62.46,63.71,7.56,2019
IR-O-U-0098,Delhi Technological University,New Delhi,Delhi,44.89,71,55.99,24.33,66.89,54.61,19.51,2019
IR-O-U-0037,Sri Venkateswara University,Tirupati,Andhra Pradesh,44.88,72,62.46,23.6,69.63,44.79,6.51,2019
IR-O-U-0369,Pondicherry University,Puducherry,Pondicherry,44.88,72,47.92,26.63,73.31,59.3,19.25,2019
IR-O-U-0020,Koneru Lakshmaiah Education Foundation University (K L College of Engineering),Vaddeswaram,Andhra Pradesh,44.7,74,67.17,19.07,63.8,57.15,3.58,2019
IR-O-U-0381,Punjab Agricultural University,Ludhiana,Punjab,44.66,75,76.97,19.74,56.22,40.93,3.19,2019
IR-O-C-37013,PSG College of Technology,Coimbatore,Tamil Nadu,44.46,76,63.69,12.61,61.03,49.95,43.66,2019
IR-O-U-0642,Shiv Nadar University,Dadri,Uttar Pradesh,44.45,77,69.46,14.05,61.53,64.61,6.15,2019
IR-O-C-16604,Sri Sivasubramaniya Nadar College of Engineering,Kancheepuram,Tamil Nadu,44.35,78,62.4,22.97,63.44,52.92,7.56,2019
IR-O-U-0196,University of Kashmir,Srinagar,Jammu and Kashmir,44.19,79,59.82,18.33,79.2,47.36,1.63,2019
IR-O-U-0235,Mysore University,Mysore,Karnataka,44.06,80,57.3,18.15,78.43,52.67,4.7,2019
IR-O-U-0376,Guru Nanak Dev University,Amritsar,Punjab,43.69,81,46.51,29.38,74.72,54.02,5.8,2019
IR-O-U-0329,Symbiosis International,Pune,Maharashtra,43.65,82,70.01,9.43,61.03,72.88,3.19,2019
IR-O-N-10,SVKM`s Narsee Monjee Institute of Management Studies ,Mumbai,Maharashtra,43.63,83,68.83,11.68,64.22,65.21,1.22,2019
IR-O-U-0497,Amity University,Gautam Budh Nagar,Uttar Pradesh,43.53,84,50.11,28.3,65.48,61.94,7.22,2019
IR-O-U-0202,Birla Institute of Technology,Ranchi,Jharkhand,43.49,85,54.72,29.47,56.97,44.88,23.47,2019
IR-O-U-0448,Bharathidasan University,Tiruchirappalli,Tamil Nadu,43.41,86,60.74,29.05,48.92,42.77,24.17,2019
IR-O-U-0389,Banasthali Vidyapith,Banasthali,Rajasthan,43.22,87,50.4,11.67,84.87,72.01,4.33,2019
IR-O-I-1361,Bharati Vidyapeeth,Pune,Maharashtra,42.89,88,63.91,11.42,64.49,60.23,13.66,2019
IR-O-U-0159,Chaudhary Charan Singh Haryana Agricultural University,Hisar,Haryana,42.36,89,76.87,6.91,56.41,57.5,2.02,2019
IR-O-U-0251,Calicut University,Malappuram,Kerala,42.22,90,56.32,16.46,71.53,53.45,7.22,2019
IR-O-C-41593,College of Engineering,Pune,Maharashtra,42.11,91,56.36,20.52,61.36,52.28,15.42,2019
IR-O-U-0295,Datta Meghe Institute of Medical Sciences,Wardha,Maharashtra,41.73,92,75.46,3.16,60.57,59.48,0.82,2019
IR-O-U-0577,National Institute of Technology Durgapur,Durgapur,West Bengal,41.59,93,47.06,28.96,64.01,47.7,12.14,2019
IR-O-U-0253,Cochin University of Science and Technology,Cochin,Kerala,41.42,94,47.22,26.88,64.8,47.56,14.84,2019
IR-O-U-0099,Guru Gobind Singh Indraprastha University,New Delhi,Delhi,41.21,95,56.39,18.96,64.62,53.19,3.58,2019
IR-O-U-0123,Anand Agricultural University,Anand,Gujarat,41.2,96,69.48,12.25,59.12,41.45,7.22,2019
IR-O-U-0470,Periyar University,Salem,Tamil Nadu,40.99,97,52.3,20.74,59.13,53.26,19.25,2019
IR-O-U-0225,KLE Academy of Higher Education and Research,Belagavi,Karnataka,40.92,98,71.23,8.73,49.52,66.05,4.33,2019
IR-O-U-0239,NITTE,Mangaluru,Karnataka,40.88,99,70.38,9.31,48.61,66.11,6.51,2019
IR-O-U-0487,Tamil Nadu Veterinary & Animal Sciences University,Chennai,Tamil Nadu,40.88,99,70.98,8.01,62.85,44.12,2.02,2019
IR-1-O-O-U-0220,Indian Institute of Science,Bengaluru,Karnataka,82.16,1,84.54,91.08,75.48,43.7,100.0,2018
IR-2-O-OE-U-0456,Indian Institute of Technology Madras,Chennai,Tamil Nadu,81.39,2,82.49,81.42,85.36,64.81,86.61,2018
IR-3-O-OEM-U-0306,Indian Institute of Technology Bombay,Mumbai,Maharashtra,79.2,3,81.34,85.59,81.53,48.53,79.61,2018
IR-3-O-OEM-I-1074,Indian Institute of Technology Delhi,New Delhi,Delhi,73.97,4,73.38,78.67,74.91,60.96,72.79,2018
IR-5-O-OEMAL-U-0573,Indian Institute of Technology Kharagpur,Kharagpur,West Bengal,71.39,5,67.96,74.57,83.99,56.16,62.12,2018
IR-1-O-O-U-0109,Jawaharlal Nehru University,New Delhi,Delhi,67.57,6,74.71,42.6,99.12,79.32,46.28,2018
IR-3-O-OEM-I-1075,Indian Institute of Technology Kanpur,Kanpur,Uttar Pradesh,65.39,7,71.71,68.63,62.76,39.81,67.59,2018
IR-4-O-OEMA-U-0560,Indian Institute of Technology Roorkee,Roorkee,Uttarakhand,64.93,8,65.88,61.59,85.29,58.65,37.56,2018
IR-3-O-OMD-U-0500,Banaras Hindu University,Varanasi,Uttar Pradesh,63.52,9,65.15,50.76,95.42,53.13,43.62,2018
IR-4-O-OEMA-U-0439,Anna University,Chennai,Tamil Nadu,62.82,10,57.31,60.76,79.15,52.55,63.22,2018
IR-1-O-O-U-0042,University of Hyderabad,Hyderabad,Telangana,60.54,11,74.36,45.34,84.45,55.71,21.66,2018
IR-2-O-OE-U-0053,Indian Institute of Technology Guwahati,Guwahati,Assam,60.16,12,79.25,52.13,63.2,52.97,28.01,2018
IR-2-O-OE-U-0575,Jadavpur University,Kolkata,West Bengal,59.68,13,57.08,57.07,91.39,36.0,35.5,2018
IR-1-O-O-U-0120,University of Delhi,Delhi,Delhi,58.69,14,52.52,58.16,85.14,51.26,33.15,2018
IR-1-O-O-U-0436,Amrita Vishwa Vidyapeetham,Coimbatore,Tamil Nadu,58.46,15,74.05,43.56,71.03,58.27,31.44,2018
IR-1-O-O-U-0323,Savitribai Phule Pune University,Pune,Maharashtra,58.24,16,70.7,43.64,84.55,55.29,15.04,2018
IR-7-O-OEMALDC-U-0496,Aligarh Muslim University,Aligarh,Uttar Pradesh,57.78,17,70.28,36.87,90.56,49.03,26.3,2018
IR-1-O-O-U-0234,Manipal Academy of Higher Education,Manipal,Karnataka,57.37,18,76.05,44.15,61.29,64.23,26.3,2018
IR-5-O-OEMAL-U-0108,Jamia Millia Islamia,New Delhi,Delhi,56.18,19,72.33,33.21,82.27,68.86,11.76,2018
IR-1-O-C-U-0447,Bharathiar University,Coimbatore,Tamil Nadu,55.08,20,65.54,41.7,76.95,52.63,22.63,2018
IR-1-O-O-U-0570,Calcutta University,Kolkata,West Bengal,53.38,21,45.47,50.26,86.81,46.72,26.3,2018
IR-2-O-OE-U-0013,Indian Institute of Technology Hyderabad,Hyderabad,Telangana,53.07,22,71.72,35.33,65.12,57.08,22.15,2018
IR-1-O-D-U-0523,King George`s Medical University,Lucknow,Uttar Pradesh,52.73,23,83.08,29.71,62.7,59.66,3.93,2018
IR-3-O-OEM-U-0490,Vellore Institute of Technology,Vellore,Tamil Nadu,52.68,24,50.3,47.42,68.43,60.02,36.71,2018
IR-1-O-O-U-0572,Indian Institute of Science Education & Research Kolkata,Mohanpur,West Bengal,52.52,25,70.87,35.6,65.91,62.92,11.13,2018
IR-3-O-OEP-U-0391,Birla Institute of Technology & Science,Pilani,Rajasthan,52.15,26,61.02,35.56,69.33,57.73,35.32,2018
IR-2-O-OE-U-0205,Indian Institute of Technology (Indian School of Mines) Dhanbad,Dhanbad,Jharkhand,52.04,27,54.46,44.24,74.36,61.08,14.46,2018
IR-1-O-E-U-0701,Indian Institute of Technology (Banaras Hindu University) Varanasi,Varanasi,Uttar Pradesh,51.85,28,57.85,48.53,67.0,42.5,22.87,2018
IR-1-O-O-I-1357,University of Madras,Chennai,Tamil Nadu,51.52,29,66.06,33.4,68.6,53.07,26.52,2018
IR-3-O-OEP-U-0308,Institute of Chemical Technology,Mumbai,Maharashtra,51.39,30,53.82,48.52,69.18,52.55,15.9,2018
IR-2-O-OE-U-0467,National Institute of Technology Tiruchirappalli,Tiruchirappalli,Tamil Nadu,51.38,31,57.09,34.41,69.99,60.81,38.55,2018
IR-1-O-O-U-0305,Indian Institute of Science Education & Research Pune,Pune,Maharashtra,51.04,32,66.57,33.04,61.4,62.86,25.85,2018
IR-6-O-OEMLDP-U-0078,Panjab University,Chandigarh,Chandigarh,50.94,33,52.59,44.75,73.16,47.52,23.58,2018
IR-1-O-M-S-8972,Indian Institute of Management Calcutta,Kolkata,West Bengal,50.87,34,82.44,14.54,61.99,66.05,27.8,2018
IR-1-O-O-U-0446,Bharath Institute of Higher Education & Research,Chennai,Tamil Nadu,50.74,35,70.22,29.22,63.76,79.16,2.4,2018
IR-6-O-OEMALP-U-0006,Andhra University,Visakhapatnam,Andhra Pradesh,50.39,36,65.98,25.12,83.14,54.75,9.53,2018
IR-5-O-OEMDP-U-0107,Jamia Hamdard,New Delhi,Delhi,50.31,37,67.67,32.29,74.48,52.2,2.01,2018
IR-2-O-OD-U-0363,Siksha `O` Anusandhan,Bhubaneswar,Odisha,49.59,38,74.34,23.4,66.21,63.07,7.17,2018
IR-2-O-OE-U-0139,Indian Institute of Technology Gandhinagar,Gandhinagar,Gujarat,49.31,39,73.72,27.29,56.79,60.47,15.9,2018
IR-1-O-O-U-0485,Tamil Nadu Agricultural University,Coimbatore,Tamil Nadu,49.22,40,78.6,12.99,75.58,54.06,12.07,2018
IR-1-O-O-U-0304,Homi Bhabha National Institute,Mumbai,Maharashtra,48.98,41,84.14,14.18,70.13,44.74,9.85,2018
IR-2-O-OE-U-0357,National Institute of Technology Rourkela,Rourkela,Odisha,48.62,42,55.85,41.93,69.73,43.4,9.85,2018
IR-1-O-C-U-0435,Alagappa University,Karaikudi,Tamil Nadu,48.25,43,65.74,22.27,70.4,53.19,24.5,2018
IR-2-O-OE-U-0584,"Indian Institute of Engineering Science and Technology, Shibpur",Howrah,West Bengal,48.06,44,60.01,35.5,64.06,43.37,22.63,2018
IR-1-O-O-U-0027,Osmania University,Hyderabad,Telangana,48.02,45,55.09,25.9,93.35,44.69,5.76,2018
IR-1-O-O-U-0056,Tezpur University,Tezpur,Assam,48.0,46,66.61,30.54,65.26,47.3,10.82,2018
IR-1-O-O-U-0260,Kerala University,Thiruvananthapuram,Kerala,47.72,47,65.16,19.8,83.76,47.6,7.17,2018
IR-1-O-O-U-0589,Visva Bharati,Kolkata,West Bengal,47.62,48,63.49,27.44,72.24,53.87,5.03,2018
IR-1-O-O-U-0331,Tata Institute of Social Sciences,Mumbai,Maharashtra,47.46,49,68.98,9.77,78.3,71.56,10.18,2018
IR-2-O-EM-I-1480,Thapar Institute of Engineering and Technology,Patiala,Punjab,47.11,50,58.24,34.97,65.36,57.27,3.55,2018
IR-2-O-OE-U-0355,Indian Institute of Technology Bhubaneswar,Bhubaneswar,Odisha,47.07,51,70.95,28.14,52.36,59.78,8.87,2018
IR-1-O-O-U-0554,G. B. Pant Universtiy of Agriculture and Technology,Pantnagar,Uttarakhand,46.56,52,72.14,15.04,75.45,48.16,5.03,2018
IR-1-O-O-U-0262,Mahatma Gandhi University,Kottayam,Kerala,46.56,52,64.21,22.89,72.84,51.76,6.82,2018
IR-4-O-OEML-U-0476,Shanmugha Arts Science Technology & Research Academy,Thanjavur,Tamil Nadu,46.33,54,53.44,34.57,64.43,58.95,11.45,2018
IR-1-O-O-U-0377,Indian Institute of Science Education & Research Mohali,Mohali,Punjab,46.24,55,63.32,21.34,63.29,65.05,16.73,2018
IR-1-O-O-U-0272,Indian Institute of Science Education & Research Bhopal,Bhopal,Madhya Pradesh,46.17,56,61.55,26.6,62.83,63.71,7.86,2018
IR-2-O-OE-U-0237,National Institute of Technology Surathkal,Surathkal,Karnataka,46.14,57,52.66,29.51,68.64,51.71,25.85,2018
IR-1-O-O-U-0254,Indian Institute of Science Education & Research Thiruvananthapuram,Thiruvananthapuram,Kerala,45.97,58,69.8,20.45,59.51,47.58,22.39,2018
IR-2-O-OP-U-0222,JSS Academy of Higher Education and Research,Mysore,Karnataka,45.76,59,69.0,17.24,61.89,68.65,6.47,2018
IR-1-O-O-U-0381,Punjab Agricultural University,Ludhiana,Punjab,45.56,60,80.46,19.35,54.02,42.72,5.4,2018
IR-1-O-O-U-0052,Gauhati University,Guwahati,Assam,45.44,61,64.91,19.8,74.9,44.44,6.11,2018
IR-3-O-ODP-I-1486,Sri Ramachandra Medical College and Research Institute,Chennai,Tamil Nadu,45.29,62,76.9,19.5,51.41,55.1,5.76,2018
IR-5-O-OEMDP-U-0473,SRM Institute of Science and Technology,Chennai,Tamil Nadu,45.17,63,56.87,28.54,64.68,57.57,8.53,2018
IR-3-O-OEM-C-37013,PSG College of Technology,Coimbatore,Tamil Nadu,44.94,64,62.6,16.92,61.14,49.77,38.71,2018
IR-5-O-OEMLD-U-0356,Kalinga Institute of Industrial Technology,Bhubaneswar,Odisha,44.81,65,57.32,22.53,69.57,65.94,3.55,2018
IR-5-O-OEMAP-U-0202,Birla Institute of Technology,Ranchi,Jharkhand,44.71,66,57.73,29.45,61.31,52.43,10.5,2018
IR-1-O-O-U-0329,Symbiosis International,Pune,Maharashtra,44.62,67,69.88,12.46,60.9,71.23,6.11,2018
IR-4-O-OEMA-U-0474,Sathyabama Institute of Science and Technology,Chennai,Tamil Nadu,44.34,68,52.38,29.43,65.31,63.14,4.3,2018
IR-2-O-OE-U-0064,Indian Institute of Technology Patna,Patna,Bihar,44.25,69,67.81,25.42,52.87,49.93,7.17,2018
IR-2-O-OD-I-1441,Saveetha Institute of Medical and Technical Sciences,Chennai,Tamil Nadu,44.0,70,65.4,18.67,60.34,63.92,3.17,2018
IR-1-O-O-U-0196,University of Kashmir,Srinagar,Jammu and Kashmir,43.96,71,62.39,20.08,77.61,36.99,0.0,2018
IR-1-O-O-U-0642,Shiv Nadar University,Chithera,Uttar Pradesh,43.68,72,69.21,12.55,60.17,71.18,0.0,2018
IR-1-O-E-C-16604,Sri Sivasubramaniya Nadar College of Engineering,Kancheepuram,Tamil Nadu,43.6,73,62.51,20.31,62.21,52.43,10.82,2018
IR-2-O-OE-U-0037,Sri Venkateswara University,Tirupati,Andhra Pradesh,43.44,74,60.43,25.94,61.66,50.03,2.01,2018
IR-1-O-D-C-45515,PSG Institute of Medical Sciences & Research,Coimbatore,Tamil Nadu,43.24,75,82.71,2.12,58.65,50.06,10.5,2018
IR-1-O-O-U-0159,Chaudhary Charan Singh Haryana Agricultural University,Hisar,Haryana,43.21,76,78.3,8.04,65.06,41.03,2.01,2018
IR-3-O-OML-U-0195,University of Jammu,Jammu Tawi,Jammu and Kashmir,43.19,77,65.22,18.9,69.46,39.44,1.22,2018
IR-2-O-OE-U-0025,National Institute of Technology Warangal,Warangal,Telangana,43.16,78,56.18,22.73,67.06,54.72,6.11,2018
IR-2-O-OD-I-1110,Dr. D. Y. Patil Vidyapeeth,Pune,Maharashtra,43.15,79,76.37,8.25,56.74,62.9,1.22,2018
IR-6-O-OEMALP-U-0497,Amity University,Gautam Budh Nagar,Uttar Pradesh,42.99,80,48.75,30.1,62.95,62.11,5.4,2018
IR-1-O-O-U-0463,Madurai Kamraj University,Madurai,Tamil Nadu,42.98,81,61.57,28.03,49.87,45.12,16.18,2018
IR-6-O-OEMAPC-N-10,SVKM`s Narsee Monjee Institute of Management Studies,Mumbai,Maharashtra,42.8,82,65.29,12.61,63.9,65.69,0.81,2018
IR-2-O-EM-U-0020,Koneru Lakshmaiah Education Foundation University,Vaddeswaram,Andhra Pradesh,42.78,83,65.81,15.23,62.65,59.43,0.0,2018
IR-1-O-O-U-0225,KLE Academy of Higher Education and Research,Belagavi,Karnataka,42.76,84,74.67,11.37,50.08,66.52,2.79,2018
IR-1-O-O-U-0246,University of Agricultural Sciences,Dharwad,Karnataka,42.55,85,73.71,2.64,70.63,54.04,1.22,2018
IR-1-O-O-U-0376,Guru Nanak Dev University,Amritsar,Punjab,42.36,86,44.09,31.78,70.3,48.22,7.17,2018
IR-3-O-OEM-U-0369,Pondicherry University,Puducherry,Pondicherry,42.36,86,46.64,26.49,69.92,49.6,14.76,2018
IR-1-O-O-U-0341,North Eastern Hill University,Shillong,Meghalaya,42.34,88,64.85,13.43,70.21,43.1,5.03,2018
IR-1-O-D-U-0036,Sri Venkateswara Institute of Medical Sciences,Tirupati,Andhra Pradesh,42.33,89,77.09,3.0,64.64,53.34,0.41,2018
IR-2-O-OE-U-0507,Dayalbagh Educational Institute,Agra,Uttar Pradesh,41.95,90,64.14,5.05,69.03,61.36,12.38,2018
IR-4-O-OEMP-U-0389,Banasthali Vidyapith,Banasthali,Rajasthan,41.88,91,47.08,14.16,82.05,66.66,4.3,2018
IR-1-O-O-U-0487,Tamil Nadu Veterinary & Animal Sciences University,Chennai,Tamil Nadu,41.73,92,74.76,7.95,58.9,47.51,3.93,2018
IR-1-O-O-I-1361,Bharati Vidyapeeth,Pune,Maharashtra,41.71,93,58.92,16.06,61.04,55.26,14.76,2018
IR-1-O-O-U-0448,Bharathidasan University,Tiruchirappalli,Tamil Nadu,41.63,94,57.01,29.21,48.45,34.45,26.3,2018
IR-3-O-OEA-C-26794,Thiagarajar College of Engineering,Madurai,Tamil Nadu,41.41,95,57.09,19.19,61.91,46.95,14.46,2018
IR-1-O-E-C-41593,College of Engineering,Pune,Maharashtra,40.74,96,55.86,17.22,62.43,51.12,12.07,2018
IR-1-O-D-C-47762,Mahatma Gandhi Medical College and Research Institute,Puducherry,Pondicherry,40.72,97,72.43,5.83,50.15,69.66,2.4,2018
IR-1-O-O-U-0121,Goa University,Goa,Goa,40.66,98,59.83,13.77,66.09,51.58,2.01,2018
IR-1-O-O-U-0253,Cochin University of Science and Technology,Cochin,Kerala,40.53,99,47.72,24.36,62.94,44.19,18.88,2018
IR-2-O-OE-U-0098,Delhi Technological University,New Delhi,Delhi,40.52,100,47.77,24.12,62.86,48.83,15.04,2018
IR17-I-2-18243,Indian Institute of Science Bangalore,Bengaluru,Karnataka,83.28,1,83.11,87.59,87.97,61.48,83.33,2017
IR17-I-1-1-77,Indian Institute of Technology Madras,Chennai,Tamil Nadu,73.97,2,69.49,72.6,84.02,76.75,68.7,2017
IR17-I-2-18633,Indian Institute of Technology Bombay,Mumbai,Maharashtra,71.78,3,64.68,78.14,70.07,65.8,83.44,2017
IR17-I-2-18630,Indian Institute of Technology Kharagpur,Kharagpur,West Bengal,68.43,4,55.07,70.46,85.11,72.85,64.72,2017
IR17-I-2-1-79,Indian Institute of Technology Delhi,New Delhi,Delhi,64.18,5,55.45,68.48,65.92,68.69,69.53,2017
IR17-I-2-1-319,Jawaharlal Nehru University,New Delhi,Delhi,61.53,6,62.11,33.96,98.71,82.4,47.27,2017
IR17-I-2-18248,Indian Institute of Technology Kanpur,Kanpur,Uttar Pradesh,60.69,7,60.07,62.14,58.34,60.01,63.62,2017
IR17-I-2-1-251,Indian Institute of Technology Guwahati,Guwahati,Assam,60.37,8,65.53,47.46,78.28,79.28,28.79,2017
IR17-I-2-18677,Indian Institute of Technology Roorkee,Roorkee,Uttarakhand,59.84,9,52.24,56.6,83.38,72.7,32.38,2017
IR17-I-2-18500,Banaras Hindu University,Varanasi,Uttar Pradesh,58.92,10,47.85,49.96,94.36,62.97,44.01,2017
IR17-I-2-30673,Jawaharlal Nehru Centre for Advanced Scientific Research,Bengaluru,Karnataka,58.25,11,78.28,51.93,68.79,47.44,6.92,2017
IR17-I-2-10326,Jadavpur University,Kolkata,West Bengal,57.32,12,48.64,54.09,91.42,53.37,28.81,2017
IR17-I-2-18292,Anna University,Chennai,Tamil Nadu,56.5,13,46.25,54.58,79.31,60.01,43.94,2017
IR17-I-2-1-2813521158,University of Hyderabad,Hyderabad,Telangana,56.3,14,57.3,42.77,78.79,78.13,27.06,2017
IR17-I-2-18552,University of Delhi,Delhi,Delhi,55.37,15,43.48,56.61,82.06,58.6,30.76,2017
IR17-I-2-18267,Amrita Vishwa Vidyapeetham,Coimbatore,Tamil Nadu,54.7,16,62.9,39.49,65.77,82.17,26.12,2017
IR17-I-1-18698,Indian Institute of Management Ahmedabad,Ahmedabad,Gujarat,54.27,17,78.14,13.85,62.91,80.97,59.91,2017
IR17-I-2-1-618,Savitribai Phule Pune University,Pune,Maharashtra,52.81,18,56.39,35.03,85.13,72.26,11.2,2017
IR17-I-2-18189,Aligarh Muslim University,Aligarh,Uttar Pradesh,52.74,19,58.56,36.2,87.43,51.55,16.62,2017
IR17-I-2-1-2814289415,Jamia Millia Islamia,New Delhi,Delhi,51.75,20,58.98,27.99,81.63,83.55,9.73,2017
IR17-I-2-18599,Birla Institute of Technology & Science -Pilani,Pilani,Rajasthan,51.46,21,54.83,31.26,73.88,58.5,49.96,2017
IR17-I-2-18572,Vellore Institute of Technology,Vellore,Tamil Nadu,51.36,22,41.65,42.87,75.57,75.99,32.95,2017
IR17-I-2-1-243,Indian Agricultural Research Institute,New Delhi,Delhi,51.2,23,58.22,33.6,74.11,76.79,11.52,2017
IR17-I-2-1-346,Indian Institute of Technology Indore,Indore,Madhya Pradesh,50.23,24,65.42,32.43,63.5,74.58,7.17,2017
IR17-I-1-1-217,Indian Institute of Management Bangalore,Bengaluru,Karnataka,49.26,25,68.62,12.47,63.57,83.53,38.72,2017
IR17-I-2-1-345,Indian Institute of Technology Hyderabad,Hyderabad,Telangana,49.07,26,63.51,28.02,62.91,72.21,18.06,2017
IR17-I-2-18606,Calcutta University,Kolkata,West Bengal,48.9,27,36.34,44.1,95.76,39.02,17.15,2017
IR17-I-2-15598,Tamil Nadu Agricultural University,Coimbatore,Tamil Nadu,48.84,28,77.67,12.56,75.33,63.48,3.53,2017
IR17-I-1-18637,"Indian Institute of Science Education & Research,Pune",Pune,Maharashtra,48.28,29,63.94,28.43,52.74,76.1,24.13,2017
IR17-I-2-18364,Manipal Academy of Higher Education-Manipal,Manipal,Karnataka,48.27,30,64.76,29.31,58.66,55.51,27.67,2017
IR17-I-2-18581,Visva Bharati,Kolkata,West Bengal,48.19,31,53.56,25.23,86.74,67.26,4.71,2017
IR17-I-2-1-340,Indian Institute of Technology Ropar,Rupnagar,Punjab,47.84,32,66.25,24.68,62.91,75.73,4.07,2017
IR17-I-2-1-624,Siksha`O` Anusandhan University,Bhubaneswar,Odisha,46.72,33,63.31,17.17,66.02,78.18,15.57,2017
IR17-I-1-1-370,National Institute of Technology Tiruchirappalli,Tiruchirappalli,Tamil Nadu,46.57,34,44.43,31.32,71.92,73.68,20.92,2017
IR17-I-2-18559,Bharath Institute of Higher Education & Research,Chennai,Tamil Nadu,46.45,35,59.33,23.12,63.42,86.49,3.79,2017
IR17-I-2-18230,Homi Bhabha National Institute,Mumbai,Maharashtra,46.45,35,79.17,8.75,66.98,58.08,8.7,2017
IR17-I-2-18639,Indian Institute of Technology Mandi,Mandi,Himachal Pradesh,45.62,37,68.77,16.43,61.11,74.31,4.06,2017
IR17-I-2-18414,Osmania University,Hyderabad,Telangana,45.52,38,46.63,20.56,91.98,58.41,11.16,2017
IR17-I-1-18700,Indian Institute of Management Calcutta,Kolkata,West Bengal,45.17,39,70.17,6.04,62.15,74.17,24.61,2017
IR17-I-1-30713,"Punjab Agricultural University, Ludhiana",Ludhiana,Punjab,44.99,40,77.94,16.51,57.2,48.44,3.83,2017
IR17-I-2-18261,Institute of Chemical Technology,Mumbai,Maharashtra,44.95,41,41.33,36.82,69.31,55.73,20.69,2017
IR17-I-2-17784,Jamia Hamdard,New Delhi,Delhi,44.84,42,52.44,27.86,73.99,57.57,1.87,2017
IR17-I-2-30702,Gauhati University,Guwahati,Assam,44.42,43,50.65,16.84,89.89,59.41,2.48,2017
IR17-I-1-18635,"Indian Institute of Science Education & Research, Kolkata",Mohanpur,West Bengal,44.38,44,56.68,27.13,57.82,70.0,6.79,2017
IR17-I-2-18567,Bharathiar University,Coimbatore,Tamil Nadu,44.29,45,45.67,35.58,63.73,62.6,9.11,2017
IR17-I-2-1-140,National Institute of Technology Rourkela,Rourkela,Odisha,44.02,46,43.93,34.18,67.94,65.97,4.0,2017
IR17-I-2-18317,Kerala University,Thiruvananthapuram,Kerala,43.95,47,50.61,14.62,89.18,64.47,0.89,2017
IR17-I-2-10563,Tezpur University,Tezpur,Assam,43.78,48,51.89,28.83,62.76,63.05,7.09,2017
IR17-I-1-700,TATA Institute of Social Sciences,Mumbai,Maharashtra,43.71,49,51.92,6.59,76.5,85.16,23.31,2017
IR17-I-2-18477,Shanmugha Arts Science Technology & Research Academy (SASTRA),Thanjavur,Tamil Nadu,43.5,50,43.1,31.09,68.04,65.18,11.1,2017
IR17-I-1-18704,Indian Institute of Management Lucknow,Lucknow,Uttar Pradesh,43.35,51,63.94,6.94,62.69,82.57,12.92,2017
IR17-I-2-1-333,"Indian Institute of Science Education & Research, Mohali",Mohali,Punjab,43.27,52,55.38,17.55,62.99,80.48,7.52,2017
IR17-I-1-18632,Indian Institute of Technology (Indian School of Mines),Dhanbad,Jharkhand,43.21,53,40.04,34.27,67.12,67.08,7.88,2017
IR17-I-2-1-2814248400,Panjab University,Chandigarh,Chandigarh,43.13,54,36.7,40.79,66.18,47.4,18.99,2017
IR17-I-2-1-596,S.R.M Institute of Science and Technology,Chennai,Tamil Nadu,43.07,55,45.8,25.07,64.33,78.65,10.8,2017
IR17-I-1-1-249,Indian Institute of Space Science and Technology,Thiruvananthapuram,Kerala,43.06,56,69.46,11.63,51.78,70.33,13.45,2017
IR17-I-2-1-457,Mysore University,Mysore,Karnataka,42.83,57,41.59,20.1,93.17,53.51,3.44,2017
IR17-I-2-18693,"National Institute of Pharmaceutical Education and Research, Hyderabad",Hyderabad,Telangana,42.74,58,61.28,14.3,60.78,75.15,3.9,2017
IR17-I-2-18424,Pondicherry University,Puducherry,Pondicherry,42.7,59,44.07,26.33,72.73,65.61,4.67,2017
IR17-I-2-1-697,Tamil Nadu Veterinary & Animal Sciences University,Chennai,Tamil Nadu,42.48,60,75.08,6.36,61.11,57.5,0.67,2017
IR17-I-2-1-661,Sri Ramachandra University,Chennai,Tamil Nadu,42.46,61,68.16,14.1,47.94,73.02,8.86,2017
IR17-I-2-18276,Anand Agricultural University,Anand,Gujarat,42.26,62,72.99,5.89,70.24,42.67,2.75,2017
IR17-I-1-18709,Indian Institute of Management Udaipur,Udaipur,Rajasthan,42.15,63,68.76,1.38,60.0,86.05,5.04,2017
IR17-I-2-18341,University of Madras,Chennai,Tamil Nadu,41.85,64,44.22,29.26,62.26,62.75,10.82,2017
IR17-I-1-1-493,National Institute of Technology Surathkal,Surathkal,Karnataka,41.8,65,42.31,21.43,71.88,62.86,20.13,2017
IR17-I-1-18627,Indian Institute of Technology Bhubaneswar,Bhubaneswar,Odisha,41.75,66,57.89,20.92,51.73,74.82,2.66,2017
IR17-I-1-1-18708,Indian Institute of Management Tiruchirappalli,Tiruchirappalli,Tamil Nadu,41.73,67,71.34,1.09,60.0,77.67,2.31,2017
IR17-I-2-1-668,Sri Venkateswara University,Tirupati,Andhra Pradesh,41.48,68,45.88,24.43,68.72,64.57,1.94,2017
IR17-I-2-1-31,Andhra University,Visakhapatnam,Andhra Pradesh,41.38,69,40.32,18.59,80.31,55.75,20.72,2017
IR17-I-2-18672,"Indian Institute of Technology (Banaras Hindu University),Varanasi",Varanasi,Uttar Pradesh,41.37,70,42.85,19.35,72.56,57.89,23.96,2017
IR17-I-1-1-347,Indian Institute of Management Kashipur,Kashipur,Uttarakhand,41.36,71,72.76,1.47,60.0,70.17,0.72,2017
IR17-I-2-18472,Sathyabama Institute of Science and Technology,Chennai,Tamil Nadu,41.3,72,42.32,22.17,65.64,77.13,11.08,2017
IR17-I-2-18690,"Indian Institute of Engineering Science and Technology, Shibpur",Howrah,West Bengal,41.28,73,45.5,27.57,64.98,54.35,9.29,2017
IR17-I-2-1-299,Jagadguru Sri Shivarathreeshwara University,Mysore,Karnataka,41.18,74,55.34,10.32,61.55,76.67,14.99,2017
IR17-I-2-1-2813959492,Thapar University,Patiala,Punjab,40.78,75,39.35,29.05,70.16,49.1,13.17,2017
IR17-I-2-30671,Dr. D. Y. Patil Vidyapeeth Pune,Pune,Maharashtra,40.59,76,64.52,4.9,60.27,65.47,11.61,2017
IR17-I-2-18409,North Eastern Hill University,Shillong,Meghalaya,40.51,77,53.99,11.83,71.52,61.35,3.24,2017
IR17-I-1-18628,Indian Institute of Technology Gandhinagar,Ahmedabad,Gujarat,40.48,78,59.15,17.34,51.27,63.65,9.24,2017
IR17-I-2-1-336,Kalinga Institute of Industrial Technology,Bhubaneswar,Odisha,40.47,79,46.39,12.75,68.53,69.17,20.95,2017
IR17-I-1-1-2811256746,Sri Sivasubrmaniya Nadar College of Engineering,Kalavakkam,Tamil Nadu,40.31,80,52.45,14.02,64.06,61.58,13.86,2017
IR17-I-2-18214,Guru Angad Dev Veterinary & Animal Sciences University,Ludhiana,Punjab,40.1,81,71.99,10.08,56.99,40.19,0.59,2017
IR17-I-2-18622,National Institute of Technology Warangal,Warangal,Telangana,40.05,82,46.02,17.53,68.74,64.94,7.43,2017
IR17-I-2-1-344,Indian Institute of Technology Patna,Patna,Bihar,39.87,83,52.27,19.13,55.08,71.52,2.8,2017
IR17-I-2-1-178,Dr. Y.S.Parmar University of Horticulture & Forestry,Solan,Himachal Pradesh,39.54,84,68.64,4.39,65.58,44.54,0.64,2017
IR17-I-1-18703,Indian Institute of Management Kozhikode,Kozhikode,Kerala,39.2,85,58.19,6.11,60.86,71.74,5.73,2017
IR17-I-2-18259,AMITY University,Gautam Budh Nagar,Uttar Pradesh,39.17,86,38.5,23.36,63.06,61.86,18.06,2017
IR17-I-1-12080,Indian Institute of Crop Processing Technology,Thanjavur,Tamil Nadu,39.15,87,62.29,1.56,60.86,76.83,1.42,2017
IR17-I-1-2811179135,PSG College of Technology,Coimbatore,Tamil Nadu,39.07,88,45.79,14.34,61.11,62.6,25.48,2017
IR17-I-2-18508,Banasthali Vidyapith,Banasthali,Rajasthan,38.74,89,37.11,9.99,82.16,74.26,7.46,2017
IR17-I-2-18580,Bharati Vidyapeeth,Pune,Maharashtra,38.73,90,48.43,12.95,55.18,62.17,30.64,2017
IR17-I-2-18474,Saveetha Institute of Medical and Technical Sciences,Chennai,Tamil Nadu,38.68,91,51.11,11.81,57.85,76.63,5.81,2017
IR17-I-2-1-33,Annamalai University,Annamalainagar,Tamil Nadu,38.59,92,39.03,26.87,68.64,47.19,3.67,2017
IR17-I-2-18607,Calicut University,Calicut,Kerala,38.45,93,50.3,8.81,72.68,57.08,4.74,2017
IR17-I-2-1-448,Mizoram University,Aizwal,Mizoram,38.36,94,52.31,5.27,70.52,69.93,0.03,2017
IR17-I-2-1-373,Kurukshetra University,Kurushetra,Haryana,38.26,95,43.43,13.44,79.64,50.37,2.33,2017
IR17-I-2-10933,Shiv Nadar University,Chithera,Uttar Pradesh,37.95,96,59.15,9.43,47.7,73.23,5.24,2017
IR17-I-2-21078,Symbiosis International University,Pune,Maharashtra,37.67,97,44.8,8.92,60.44,80.33,14.31,2017
IR17-I-2-18634,"Indian Institute of Science Education & Research,Bhopal",Bhopal,Madhya Pradesh,37.32,98,46.13,18.21,53.21,70.78,3.0,2017
IR17-I-1-18710,Rajiv Gandhi Indian Institute of Management,Shillong,Meghalaya,37.28,99,61.42,1.89,60.0,62.21,0.57,2017
IR17-I-2-1-N002,KLE Academy of Higher Education and Research,Belagavi,Karnataka,37.25,100,64.13,4.9,49.61,65.54,0.69,2017
